,r,PL,RMS,source_file,PL_RMS_ratio,RMS_PL_ratio,PL_RMS_product,PL_RMS_diff,PL_RMS_abs_diff,PL_squared,RMS_squared,PL_sqrt,RMS_sqrt,PL_log,RMS_log,PL_exp,RMS_exp,PL_group_mean,PL_group_std,PL_normalized,RMS_group_mean,RMS_group_std,RMS_normalized,interaction_H_H,interaction_H_L,interaction_H_M,interaction_H_VH,interaction_L_H,interaction_L_L,interaction_L_M,interaction_L_VL,interaction_M_H,interaction_M_L,interaction_M_M,interaction_M_VH,interaction_M_VL,interaction_VH_H,interaction_VH_M,interaction_VH_VH,interaction_VL_H,interaction_VL_L,interaction_VL_M,interaction_VL_VL
0,1977.87,62.2,8.16,FCPR-D1_CIR.csv,7.622549019514429,0.13118971061072154,507.552,54.040000000000006,54.040000000000006,3868.84,66.5856,7.886697661252142,2.85657137141714,4.146304301152812,2.214846178686039,1.862649618265929,2.261435977986511,63.068999999999996,0.7815324464308061,-1.1119180065491225,8.649650000000001,0.5737318350875825,-0.853447499283196,False,False,False,False,False,False,False,False,False,False,False,False,False,False,False,False,False,False,False,True
1,2392.69,63.8,9.18,FCPR-D1_CIR.csv,6.94989106746242,0.14388714733519767,585.684,54.62,54.62,4070.4399999999996,84.27239999999999,7.987490219086343,3.0298514815086235,4.1713056033582285,2.3204250111223765,1.8926917079807226,2.5042768243931564,63.068999999999996,0.7815324464308061,0.9353418444043927,8.649650000000001,0.5737318350875825,0.9243865643721858,False,False,False,False,False,False,False,False,False,False,False,False,False,False,False,True,False,False,False,False
2,1912.59,62.3,7.74,FCPR-D1_CIR.csv,8.049095607131148,0.12423756019241695,482.202,54.559999999999995,54.559999999999995,3881.2899999999995,59.9076,7.893034904268446,2.7820855486487113,4.147885329150131,2.167910189667444,1.8645131995195232,2.168422619990648,63.068999999999996,0.7815324464308061,-0.9839642658645347,8.649650000000001,0.5737318350875825,-1.5854968196118826,False,False,False,False,False,False,False,False,False,False,False,False,False,False,False,False,False,False,False,True
3,2238.92,63.8,9.14,FCPR-D1_CIR.csv,6.98030634565667,0.14326018808754976,583.1320000000001,54.66,54.66,4070.4399999999996,83.53960000000001,7.987490219086343,3.023243291566195,4.1713056033582285,2.316487998163037,1.8926917079807226,2.494279724624584,63.068999999999996,0.7815324464308061,0.9353418444043927,8.649650000000001,0.5737318350875825,0.8546675814837409,False,False,False,False,False,False,False,False,False,False,False,False,False,False,False,True,False,False,False,False
4,2147.77,63.7,8.61,FCPR-D1_CIR.csv,7.398373983653911,0.13516483516462297,548.457,55.09,55.09,4057.6900000000005,74.1321,7.981227975693966,2.9342801502242417,4.169761201506855,2.262804222982201,1.8907999623032261,2.365525036373806,63.068999999999996,0.7815324464308061,0.8073881037198049,8.649650000000001,0.5737318350875825,-0.0691089417881755,False,False,True,False,False,False,False,False,False,False,False,False,False,False,False,False,False,False,False,False
5,1582.83,63.6,8.73,FCPR-D1_CIR.csv,7.285223367614144,0.1372641509431804,555.2280000000001,54.870000000000005,54.870000000000005,4044.96,76.2129,7.974960814950754,2.9546573405388314,4.168214410788556,2.2752138961979136,1.8889101074258496,2.3940823379328497,63.068999999999996,0.7815324464308061,0.6794343630352079,8.649650000000001,0.5737318350875825,0.14004800687716534,False,False,True,False,False,False,False,False,False,False,False,False,False,False,False,False,False,False,False,False
6,1207.4,62.6,8.44,FCPR-D1_CIR.csv,7.417061611286528,0.13482428114994435,528.3439999999999,54.160000000000004,54.160000000000004,3918.76,71.2336,7.912016177940993,2.90516780926679,4.152613470346076,2.244955980157409,1.8701151378240854,2.3256510003566726,63.068999999999996,0.7815324464308061,-0.6001030438107438,8.649650000000001,0.5737318350875825,-0.36541461906407247,False,False,False,False,False,True,False,False,False,False,False,False,False,False,False,False,False,False,False,False
7,1259.35,61.6,7.96,FCPR-D1_CIR.csv,7.738693467239464,0.12922077922056943,490.336,53.64,53.64,3794.5600000000004,63.3616,7.848566748139434,2.821347195933177,4.136765278106052,2.192770226986839,1.8515071812945383,2.2166565453905425,63.068999999999996,0.7815324464308061,-1.8796404506566953,8.649650000000001,0.5737318350875825,-1.2020424137254282,False,False,False,False,False,False,False,False,False,False,False,False,False,False,False,False,False,False,False,True
8,1627.52,61.9,7.76,FCPR-D1_CIR.csv,7.976804123608546,0.1253634894989897,480.344,54.14,54.14,3831.6099999999997,60.2176,7.867655305108378,2.7856776554368237,4.141546163706395,2.1701959049483,1.8570700429587728,2.1727638049685454,63.068999999999996,0.7815324464308061,-1.4957792286029135,8.649650000000001,0.5737318350875825,-1.5506373281676602,False,False,False,False,False,False,False,False,False,False,False,False,False,False,False,False,False,False,False,True
9,1663.61,62.8,8.14,FCPR-D1_CIR.csv,7.714987714892936,0.12961783439469807,511.192,54.66,54.66,3943.8399999999997,66.2596,7.92464510246358,2.8530685235374214,4.155753190350744,2.2126603854660587,1.8738591108247435,2.256917625888753,63.068999999999996,0.7815324464308061,-0.34419556244155886,8.649650000000001,0.5737318350875825,-0.8883069907274184,False,False,False,False,False,False,False,True,False,False,False,False,False,False,False,False,False,False,False,False
10,1525.32,62.2,7.9,FCPR-D1_CIR.csv,7.873417721419324,0.1270096463020466,491.38000000000005,54.300000000000004,54.300000000000004,3868.84,62.410000000000004,7.886697661252142,2.8106938645110393,4.146304301152812,2.186051276738094,1.862649618265929,2.203396426255937,63.068999999999996,0.7815324464308061,-1.1119180065491225,8.649650000000001,0.5737318350875825,-1.306620888058097,False,False,False,False,False,False,False,False,False,False,False,False,False,False,False,False,False,False,False,True
11,1869.8,63.5,8.21,FCPR-D1_CIR.csv,7.734470158249275,0.12929133858247358,521.335,55.29,55.29,4032.25,67.40410000000001,7.968688725254614,2.8653097563788807,4.1666652238017265,2.2202898502672155,1.8870221414587378,2.2727714729983686,63.068999999999996,0.7815324464308061,0.5514806223506109,8.649650000000001,0.5737318350875825,-0.7662987706726367,False,True,False,False,False,False,False,False,False,False,False,False,False,False,False,False,False,False,False,False
12,2136.33,62.9,7.98,FCPR-D1_CIR.csv,7.882205513685686,0.12686804451490163,501.942,54.92,54.92,3956.41,63.680400000000006,7.930952023559341,2.824889378365107,4.157319361383489,2.194999882314108,1.8757339071775117,2.221094294751435,63.068999999999996,0.7815324464308061,-0.2162418217569619,8.649650000000001,0.5737318350875825,-1.167182922281204,False,False,False,False,False,False,False,False,False,False,False,False,True,False,False,False,False,False,False,False
13,1931.49,63.9,8.89,FCPR-D1_CIR.csv,7.187851518479326,0.13912363067270875,568.071,55.01,55.01,4083.21,79.03210000000001,7.993747556684537,2.981610303175115,4.1728476237100445,2.2915241456346207,1.894585346350085,2.4326957387976567,63.068999999999996,0.7815324464308061,1.0632955850889898,8.649650000000001,0.5737318350875825,0.4189239384309511,False,False,False,False,False,False,False,False,False,False,False,False,False,True,False,False,False,False,False,False
14,1641.73,63.6,8.68,FCPR-D1_CIR.csv,7.327188940007752,0.13647798742116904,552.048,54.92,54.92,4044.96,75.3424,7.974960814950754,2.946183972531247,4.168214410788556,2.2700619012884857,1.8889101074258496,2.382141802457978,63.068999999999996,0.7815324464308061,0.6794343630352079,8.649650000000001,0.5737318350875825,0.05289927826660615,False,False,True,False,False,False,False,False,False,False,False,False,False,False,False,False,False,False,False,False
15,1310.11,63.4,9.25,FCPR-D1_CIR.csv,6.854054053979956,0.14589905362753014,586.4499999999999,54.15,54.15,4019.56,85.5625,7.962411694957753,3.0413812651491097,4.165113633110308,2.327277705584417,1.8851360625139246,2.521868260358148,63.068999999999996,0.7815324464308061,0.42352688166601393,8.649650000000001,0.5737318350875825,1.0463947844269674,False,False,False,True,False,False,False,False,False,False,False,False,False,False,False,False,False,False,False,False
16,1390.31,63.2,8.79,FCPR-D1_CIR.csv,7.189988623353926,0.13908227848079258,555.528,54.410000000000004,54.410000000000004,3994.2400000000002,77.26409999999998,7.9498427657407165,2.9647934160747185,4.162003210695915,2.281361456542419,1.8813695581487633,2.4084900117589294,63.068999999999996,0.7815324464308061,0.16761940029682904,8.649650000000001,0.5737318350875825,0.24462648120983269,False,False,False,False,False,False,False,False,True,False,False,False,False,False,False,False,False,False,False,False
17,1102.45,62.0,8.17,FCPR-D1_CIR.csv,7.588739289992794,0.13177419354817455,506.54,53.83,53.83,3844.0,66.74889999999999,7.874007874011811,2.8583211855912904,4.143134726391533,2.2159372862683733,1.858928041846342,2.263698545059486,63.068999999999996,0.7815324464308061,-1.3678254879183165,8.649650000000001,0.5737318350875825,-0.8360177535610848,False,False,False,False,False,False,False,False,False,False,False,False,False,False,False,False,False,False,False,True
18,808.67,61.4,7.89,FCPR-D1_CIR.csv,7.782002534755615,0.12850162866428583,484.44599999999997,53.51,53.51,3769.96,62.25209999999999,7.835815209663893,2.808914381037628,4.133565275375382,2.1849270495258133,1.8478078674788694,2.2011941311607526,63.068999999999996,0.7815324464308061,-2.135547932025889,8.649650000000001,0.5737318350875825,-1.3240506337802098,False,False,False,False,False,False,False,False,False,False,False,False,False,False,False,False,False,False,False,True
19,1225.25,61.8,8.07,FCPR-D1_CIR.csv,7.657992564960867,0.13058252427163336,498.726,53.73,53.73,3819.24,65.12490000000001,7.861297602813418,2.8407745422683583,4.139955073474153,2.2049722641270453,1.855213901141401,2.2411743681943785,63.068999999999996,0.7815324464308061,-1.6237329692875104,8.649650000000001,0.5737318350875825,-1.0103152107822,False,False,False,False,False,False,False,False,False,False,False,False,False,False,False,False,False,False,False,True
20,2138.68,63.8,9.16,FCPR-D1_CIR.csv,6.965065502107368,0.14357366771137373,584.408,54.64,54.64,4070.4399999999996,83.9056,7.987490219086343,3.026549190084311,4.1713056033582285,2.318458442150336,1.8926917079807226,2.499273275960652,63.068999999999996,0.7815324464308061,0.9353418444043927,8.649650000000001,0.5737318350875825,0.8895270729279633,False,False,False,False,False,False,False,False,False,False,False,False,False,False,False,True,False,False,False,False
21,1668.3,62.7,8.49,FCPR-D1_CIR.csv,7.38515901051372,0.13540669856437734,532.3230000000001,54.21,54.21,3931.2900000000004,72.0801,7.918333157931662,2.9137604568666933,4.154184562578117,2.2502386126218363,1.8719861883312423,2.3373083745076473,63.068999999999996,0.7815324464308061,-0.4721493031261468,8.649650000000001,0.5737318350875825,-0.27826589045351324,False,False,False,False,False,False,True,False,False,False,False,False,False,False,False,False,False,False,False,False
22,1582.14,63.4,8.51,FCPR-D1_CIR.csv,7.450058754319036,0.13422712933732772,539.534,54.89,54.89,4019.56,72.42009999999999,7.962411694957753,2.9171904291629644,4.165113633110308,2.252343876557299,1.8851360625139246,2.3419876689913814,63.068999999999996,0.7815324464308061,0.42352688166601393,8.649650000000001,0.5737318350875825,-0.2434063990092908,False,False,True,False,False,False,False,False,False,False,False,False,False,False,False,False,False,False,False,False
23,1737.82,64.1,9.39,FCPR-D1_CIR.csv,6.826411075539654,0.14648985959415525,601.899,54.709999999999994,54.709999999999994,4108.8099999999995,88.17210000000001,8.006247560499238,3.0643106892089125,4.175924549214524,2.340843805111136,1.898378308740855,2.5574227164750947,63.068999999999996,0.7815324464308061,1.3192030664581746,8.649650000000001,0.5737318350875825,1.2904112245365307,False,False,False,False,False,False,False,False,False,False,False,False,False,False,False,True,False,False,False,False
24,1444.09,63.6,9.3,FCPR-D1_CIR.csv,6.83870967734582,0.14622641509410972,591.48,54.3,54.3,4044.96,86.49000000000001,7.974960814950754,3.0495901363953815,4.168214410788556,2.33214389523559,1.8889101074258496,2.534509177617855,63.068999999999996,0.7815324464308061,0.6794343630352079,8.649650000000001,0.5737318350875825,1.1335435130375267,False,False,False,True,False,False,False,False,False,False,False,False,False,False,False,False,False,False,False,False
25,1027.84,62.6,8.72,FCPR-D1_CIR.csv,7.17889908248648,0.13929712460041646,545.8720000000001,53.88,53.88,3918.76,76.03840000000001,7.912016177940993,2.95296461204668,4.152613470346076,2.2741856184723477,1.8701151378240854,2.391689452237172,63.068999999999996,0.7815324464308061,-0.6001030438107438,8.649650000000001,0.5737318350875825,0.12261826115505413,False,False,False,False,False,False,True,False,False,False,False,False,False,False,False,False,False,False,False,False
26,814.63,62.4,8.35,FCPR-D1_CIR.csv,7.473053892126071,0.13381410256388812,521.04,54.05,54.05,3893.7599999999998,69.7225,7.899367063252599,2.8896366553599777,4.14946386144318,2.2353763433005955,1.8663786452864723,2.3048140482870125,63.068999999999996,0.7815324464308061,-0.8560105251799377,8.649650000000001,0.5737318350875825,-0.5222823305630765,False,False,False,False,False,False,False,False,False,False,False,False,False,False,False,False,False,True,False,False
27,1049.02,62.6,8.23,FCPR-D1_CIR.csv,7.606318347416691,0.1314696485620903,515.1980000000001,54.370000000000005,54.370000000000005,3918.76,67.7329,7.912016177940993,2.8687976575562106,4.152613470346076,2.222459048514761,1.8701151378240854,2.277321564519189,63.068999999999996,0.7815324464308061,-0.6001030438107438,8.649650000000001,0.5737318350875825,-0.7314392792284143,False,False,False,False,False,True,False,False,False,False,False,False,False,False,False,False,False,False,False,False
28,1480.08,62.4,8.43,FCPR-D1_CIR.csv,7.402135231228919,0.13509615384593734,526.0319999999999,53.97,53.97,3893.7599999999998,71.0649,7.899367063252599,2.903446228191595,4.14946386144318,2.2438960966453663,1.8663786452864723,2.3233265117943045,63.068999999999996,0.7815324464308061,-0.8560105251799377,8.649650000000001,0.5737318350875825,-0.38284436478618367,False,False,False,False,False,False,False,False,False,False,False,False,False,False,False,False,False,True,False,False
29,1341.25,65.2,10.15,FCPR-D1_CIR.csv,6.423645320133757,0.1556748466255281,661.7800000000001,55.050000000000004,55.050000000000004,4251.04,103.02250000000001,8.07465169527454,3.1859064644147983,4.192680462942962,2.411439497906128,1.919375744308914,2.7593633973762817,63.068999999999996,0.7815324464308061,2.7266942139887322,8.649650000000001,0.5737318350875825,2.6150718994170115,False,False,False,False,False,False,False,False,False,False,False,False,False,False,False,True,False,False,False,False
30,1945.93,64.8,9.72,FCPR-D1_CIR.csv,6.666666666598079,0.14999999999976854,629.856,55.08,55.08,4199.04,94.47840000000001,8.049844718999243,3.117691453623979,4.186619838331271,2.372111155642656,1.9117135758847483,2.6432256276807986,63.068999999999996,0.7815324464308061,2.2148792512503443,8.649650000000001,0.5737318350875825,1.8655928333662135,False,False,False,False,False,False,False,False,False,False,False,False,False,False,False,True,False,False,False,False
31,2354.63,63.0,8.5,FCPR-D1_CIR.csv,7.4117647057951555,0.13492063492042075,535.5,54.5,54.5,3969.0,72.25,7.937253933193772,2.9154759474226504,4.1588830833596715,2.2512917986064953,1.8776105792643432,2.3396468519259908,63.068999999999996,0.7815324464308061,-0.08828808107236491,8.649650000000001,0.5737318350875825,-0.26083614473140204,False,False,False,False,False,False,False,False,False,False,True,False,False,False,False,False,False,False,False,False
32,1907.31,63.4,8.68,FCPR-D1_CIR.csv,7.304147465353639,0.13690851734994178,550.312,54.72,54.72,4019.56,75.3424,7.962411694957753,2.946183972531247,4.165113633110308,2.2700619012884857,1.8851360625139246,2.382141802457978,63.068999999999996,0.7815324464308061,0.42352688166601393,8.649650000000001,0.5737318350875825,0.05289927826660615,False,False,True,False,False,False,False,False,False,False,False,False,False,False,False,False,False,False,False,False
33,1415.36,63.7,8.74,FCPR-D1_CIR.csv,7.2883295193674105,0.13720565149115038,556.738,54.96,54.96,4057.6900000000005,76.3876,7.981227975693966,2.9563490998188966,4.169761201506855,2.2762411176544437,1.8907999623032261,2.3964776177110654,63.068999999999996,0.7815324464308061,0.8073881037198049,8.649650000000001,0.5737318350875825,0.15747775259927657,False,False,True,False,False,False,False,False,False,False,False,False,False,False,False,False,False,False,False,False
34,1068.91,63.0,9.22,FCPR-D1_CIR.csv,6.832971800359728,0.14634920634897405,580.86,53.78,53.78,3969.0,85.00840000000001,7.937253933193772,3.0364452901377956,4.1588830833596715,2.3243465847755584,1.8776105792643432,2.514313992644344,63.068999999999996,0.7815324464308061,-0.08828808107236491,8.649650000000001,0.5737318350875825,0.9941055472606337,False,False,False,False,False,False,False,False,False,False,False,True,False,False,False,False,False,False,False,False
35,1410.56,62.4,8.54,FCPR-D1_CIR.csv,7.306791569001092,0.13685897435875502,532.896,53.86,53.86,3893.7599999999998,72.93159999999999,7.899367063252599,2.9223278392404914,4.14946386144318,2.255493485460195,1.8663786452864723,2.3490241814897193,63.068999999999996,0.7815324464308061,-0.8560105251799377,8.649650000000001,0.5737318350875825,-0.19111716184295716,False,False,False,False,False,False,False,False,False,False,False,False,False,False,False,False,False,False,True,False
36,838.21,63.3,9.03,FCPR-D1_CIR.csv,7.009966777331008,0.14265402843579358,571.5989999999999,54.269999999999996,54.269999999999996,4006.8899999999994,81.5409,7.956129712366434,3.004995840263344,4.163559631243574,2.305580601973844,1.8832518687053312,2.4669929997809406,63.068999999999996,0.7815324464308061,0.29557314098141696,8.649650000000001,0.5737318350875825,0.6629403785405112,False,False,False,False,False,False,False,False,True,False,False,False,False,False,False,False,False,False,False,False
37,926.57,62.1,7.68,FCPR-D1_CIR.csv,8.085937499894715,0.1236714975843419,476.928,54.42,54.42,3856.4100000000003,58.9824,7.880355321938218,2.7712812921102037,4.144720769547168,2.1610215286722587,1.8607878996621081,2.155451037931604,63.068999999999996,0.7815324464308061,-1.2398717472337195,8.649650000000001,0.5737318350875825,-1.6900752939445531,False,False,False,False,False,False,False,False,False,False,False,False,False,False,False,False,False,False,False,True
38,1249.94,62.6,7.96,FCPR-D1_CIR.csv,7.864321607941403,0.12715654952056363,498.296,54.64,54.64,3918.76,63.3616,7.912016177940993,2.821347195933177,4.152613470346076,2.192770226986839,1.8701151378240854,2.2166565453905425,63.068999999999996,0.7815324464308061,-0.6001030438107438,8.649650000000001,0.5737318350875825,-1.2020424137254282,False,False,False,False,False,False,False,True,False,False,False,False,False,False,False,False,False,False,False,False
39,1551.42,61.5,6.96,FCPR-D1_CIR.csv,8.836206896424768,0.11317073170713306,428.04,54.54,54.54,3782.25,48.4416,7.842193570679061,2.6381811916545836,4.135166556742356,2.0744289998562917,1.8496565995583272,2.0057137852036884,63.068999999999996,0.7815324464308061,-2.0075941913412922,8.649650000000001,0.5737318350875825,-2.9450169859365873,False,False,False,False,False,False,False,False,False,False,False,False,False,False,False,False,False,False,False,True
40,1528.58,63.7,8.88,FCPR-D1_CIR.csv,7.1734234233426415,0.13940345368894913,565.6560000000001,54.82,54.82,4057.6900000000005,78.85440000000001,7.981227975693966,2.979932885150268,4.169761201506855,2.2905125117597764,1.8907999623032261,2.430264259001381,63.068999999999996,0.7815324464308061,0.8073881037198049,8.649650000000001,0.5737318350875825,0.40149419270883985,True,False,False,False,False,False,False,False,False,False,False,False,False,False,False,False,False,False,False,False
41,1248.96,63.4,9.13,FCPR-D1_CIR.csv,6.9441401970761865,0.14400630914803786,578.842,54.269999999999996,54.269999999999996,4019.56,83.35690000000001,7.962411694957753,3.0215889859476257,4.165113633110308,2.315501318260592,1.8851360625139246,2.4917866916242124,63.068999999999996,0.7815324464308061,0.42352688166601393,8.649650000000001,0.5737318350875825,0.8372378357616297,False,False,False,True,False,False,False,False,False,False,False,False,False,False,False,False,False,False,False,False
42,1565.82,62.8,8.42,FCPR-D1_CIR.csv,7.458432303949425,0.1340764331208056,528.776,54.379999999999995,54.379999999999995,3943.8399999999997,70.8964,7.92464510246358,2.9017236257093817,4.155753190350744,2.2428350885882717,1.8738591108247435,2.3210043465586416,63.068999999999996,0.7815324464308061,-0.34419556244155886,8.649650000000001,0.5737318350875825,-0.40027411050829487,False,False,False,False,False,True,False,False,False,False,False,False,False,False,False,False,False,False,False,False
43,1142.18,64.0,9.3,FCPR-D1_CIR.csv,6.881720430033529,0.14531249999977294,595.2,54.7,54.7,4096.0,86.49000000000001,8.0,3.0495901363953815,4.174387269895637,2.33214389523559,1.8964808793049515,2.534509177617855,63.068999999999996,0.7815324464308061,1.1912493257735868,8.649650000000001,0.5737318350875825,1.1335435130375267,False,False,False,False,False,False,False,False,False,False,False,False,False,False,False,True,False,False,False,False
44,923.15,62.6,8.81,FCPR-D1_CIR.csv,7.1055618614403455,0.14073482428092535,551.5060000000001,53.79,53.79,3918.76,77.6161,7.912016177940993,2.968164415931166,4.152613470346076,2.2834022735772717,1.8701151378240854,2.4133118119753973,63.068999999999996,0.7815324464308061,-0.6001030438107438,8.649650000000001,0.5737318350875825,0.2794859726540582,False,False,False,False,True,False,False,False,False,False,False,False,False,False,False,False,False,False,False,False
45,546.47,64.2,10.02,FCPR-D1_CIR.csv,6.4071856286785716,0.15607476635489706,643.284,54.18000000000001,54.18000000000001,4121.64,100.40039999999999,8.012490249604053,3.1654383582688825,4.177459468932607,2.3997118037247684,1.9002776365552259,2.723723832305809,63.068999999999996,0.7815324464308061,1.4471568071427807,8.649650000000001,0.5737318350875825,2.3884852050295593,False,False,False,False,False,False,False,False,False,False,False,False,False,False,False,True,False,False,False,False
46,709.27,62.1,8.85,FCPR-D1_CIR.csv,7.016949152463086,0.1425120772944565,549.585,53.25,53.25,3856.4100000000003,78.32249999999999,7.880355321938218,2.9748949561287032,4.144720769547168,2.2874714551839976,1.8607878996621081,2.4229843914855502,63.068999999999996,0.7815324464308061,-1.2398717472337195,8.649650000000001,0.5737318350875825,0.3492049555425031,False,False,False,False,False,False,False,False,False,False,False,False,False,False,False,False,True,False,False,False
47,1283.65,63.3,8.55,FCPR-D1_CIR.csv,7.403508771843232,0.13507109004718,541.215,54.75,54.75,4006.8899999999994,73.1025,7.956129712366434,2.924038303442689,4.163559631243574,2.256541154492639,1.8832518687053312,2.351374380574902,63.068999999999996,0.7815324464308061,0.29557314098141696,8.649650000000001,0.5737318350875825,-0.17368741612084282,False,False,False,False,False,False,False,False,False,False,True,False,False,False,False,False,False,False,False,False
48,1380.31,64.7,9.89,FCPR-D1_CIR.csv,6.541961577284712,0.152859350849841,639.883,54.81,54.81,4186.09,97.81210000000002,8.043631020876083,3.144837038703278,4.185098925490565,2.387844936944869,1.9098028178471123,2.6885445830457226,63.068999999999996,0.7815324464308061,2.0869255105657567,8.649650000000001,0.5737318350875825,2.1618985106421102,False,False,False,False,False,False,False,False,False,False,False,False,False,False,False,True,False,False,False,False
49,1063.65,64.1,9.64,FCPR-D1_CIR.csv,6.649377593292018,0.15039001560038942,617.924,54.459999999999994,54.459999999999994,4108.8099999999995,92.92960000000001,8.006247560499238,3.104834939252005,4.175924549214524,2.3646204839134985,1.898378308740855,2.6221641807745737,63.068999999999996,0.7815324464308061,1.3192030664581746,8.649650000000001,0.5737318350875825,1.7261548675893206,False,False,False,False,False,False,False,False,False,False,False,False,False,False,False,True,False,False,False,False
50,1418.71,64.1,9.45,FCPR-D1_CIR.csv,6.783068782997004,0.14742589703565143,605.7449999999999,54.64999999999999,54.64999999999999,4108.8099999999995,89.30249999999998,8.006247560499238,3.0740852297878796,4.175924549214524,2.34660197841082,1.898378308740855,2.572813378588326,63.068999999999996,0.7815324464308061,1.3192030664581746,8.649650000000001,0.5737318350875825,1.394989698869198,False,False,False,False,False,False,False,False,False,False,False,False,False,False,False,True,False,False,False,False
51,1551.95,64.1,9.4,FCPR-D1_CIR.csv,6.819148936097668,0.14664586583440462,602.54,54.699999999999996,54.699999999999996,4108.8099999999995,88.36000000000001,8.006247560499238,3.0659419433511785,4.175924549214524,2.341805806147327,1.898378308740855,2.5599814183292717,63.068999999999996,0.7815324464308061,1.3192030664581746,8.649650000000001,0.5737318350875825,1.307840970258642,False,False,False,False,False,False,False,False,False,False,False,False,False,False,False,True,False,False,False,False
52,1252.1,62.3,8.3,FCPR-D1_CIR.csv,7.506024096295107,0.13322632423734637,517.09,54.0,54.0,3881.2899999999995,68.89000000000001,7.893034904268446,2.8809720581775866,4.147885329150131,2.2300144001592104,1.8645131995195232,2.293318740264183,63.068999999999996,0.7815324464308061,-0.9839642658645347,8.649650000000001,0.5737318350875825,-0.6094310591736326,False,False,False,False,False,False,False,False,False,False,False,False,False,False,False,False,False,True,False,False
53,1297.72,62.3,8.37,FCPR-D1_CIR.csv,7.44324970122529,0.1343499197429625,521.4509999999999,53.93,53.93,3881.2899999999995,70.05689999999998,7.893034904268446,2.8930952282978866,4.147885329150131,2.2375130962503307,1.8645131995195232,2.3094282890863056,63.068999999999996,0.7815324464308061,-0.9839642658645347,8.649650000000001,0.5737318350875825,-0.4874228391188541,False,False,False,False,False,False,False,False,False,False,False,False,False,False,False,False,False,True,False,False
54,854.97,62.0,7.94,FCPR-D1_CIR.csv,7.80856423163969,0.12806451612882572,492.28000000000003,54.06,54.06,3844.0,63.043600000000005,7.874007874011811,2.817800560721074,4.143134726391533,2.190535589185423,1.858928041846342,2.2122276626587873,63.068999999999996,0.7815324464308061,-1.3678254879183165,8.649650000000001,0.5737318350875825,-1.2369019051696506,False,False,False,False,False,False,False,False,False,False,False,False,False,False,False,False,False,False,False,True
55,1184.29,62.5,8.05,FCPR-D1_CIR.csv,7.763975155183055,0.12879999999979394,503.12500000000006,54.45,54.45,3906.25,64.80250000000001,7.905694150420948,2.8372521918222215,4.151039905898646,2.2027647577118348,1.8682459574322223,2.236696498819987,63.068999999999996,0.7815324464308061,-0.7280567844953407,8.649650000000001,0.5737318350875825,-1.0451747022264224,False,False,False,False,False,False,False,True,False,False,False,False,False,False,False,False,False,False,False,False
56,1457.38,63.4,9.35,FCPR-D1_CIR.csv,6.780748663029083,0.1474763406937737,592.79,54.05,54.05,4019.56,87.4225,7.962411694957753,3.057776970284131,4.165113633110308,2.336986519711378,1.8851360625139246,2.5472134577390073,63.068999999999996,0.7815324464308061,0.42352688166601393,8.649650000000001,0.5737318350875825,1.2206922416480828,False,False,False,True,False,False,False,False,False,False,False,False,False,False,False,False,False,False,False,False
57,1795.7,62.8,8.18,FCPR-D1_CIR.csv,7.677261613598078,0.13025477706985628,513.704,54.62,54.62,3943.8399999999997,66.91239999999999,7.92464510246358,2.8600699292150185,4.155753190350744,2.217027204632399,1.8738591108247435,2.2659633758311957,63.068999999999996,0.7815324464308061,-0.34419556244155886,8.649650000000001,0.5737318350875825,-0.8185880078389735,False,False,False,False,False,False,False,True,False,False,False,False,False,False,False,False,False,False,False,False
58,1733.39,63.0,9.14,FCPR-D1_CIR.csv,6.892778993360035,0.1450793650791348,575.82,53.86,53.86,3969.0,83.53960000000001,7.937253933193772,3.023243291566195,4.1588830833596715,2.316487998163037,1.8776105792643432,2.494279724624584,63.068999999999996,0.7815324464308061,-0.08828808107236491,8.649650000000001,0.5737318350875825,0.8546675814837409,False,False,False,False,False,False,False,False,False,False,False,True,False,False,False,False,False,False,False,False
59,1946.01,62.9,8.39,FCPR-D1_CIR.csv,7.497020262127568,0.1333863275037625,527.731,54.51,54.51,3956.41,70.39210000000001,7.930952023559341,2.896549671592048,4.157319361383489,2.2396452932201716,1.8757339071775117,2.3140517676018346,63.068999999999996,0.7815324464308061,-0.2162418217569619,8.649650000000001,0.5737318350875825,-0.4525633476746286,False,False,False,False,False,False,False,False,False,True,False,False,False,False,False,False,False,False,False,False
60,2996.76,63.8,9.1,FCPR-D1_CIR.csv,7.010989010911967,0.14263322883990182,580.5799999999999,54.699999999999996,54.699999999999996,4070.4399999999996,82.80999999999999,7.987490219086343,3.0166206257996713,4.1713056033582285,2.312535423847214,1.8926917079807226,2.4843225333848165,63.068999999999996,0.7815324464308061,0.9353418444043927,8.649650000000001,0.5737318350875825,0.7849485985952929,False,False,False,False,False,False,False,False,False,False,False,False,False,True,False,False,False,False,False,False
61,2595.8,62.6,8.55,FCPR-D1_CIR.csv,7.321637426814951,0.1365814696483441,535.23,54.05,54.05,3918.76,73.1025,7.912016177940993,2.924038303442689,4.152613470346076,2.256541154492639,1.8701151378240854,2.351374380574902,63.068999999999996,0.7815324464308061,-0.6001030438107438,8.649650000000001,0.5737318350875825,-0.17368741612084282,False,False,False,False,False,False,True,False,False,False,False,False,False,False,False,False,False,False,False,False
62,2070.83,63.8,9.05,FCPR-D1_CIR.csv,7.049723756828179,0.14184952978034193,577.39,54.75,54.75,4070.4399999999996,81.90250000000002,7.987490219086343,3.0083217912982647,4.1713056033582285,2.307572634505085,1.8926917079807226,2.471931923057472,63.068999999999996,0.7815324464308061,0.9353418444043927,8.649650000000001,0.5737318350875825,0.6977998699847369,False,False,False,False,False,False,False,False,False,False,False,False,False,True,False,False,False,False,False,False
63,1573.26,63.2,8.68,FCPR-D1_CIR.csv,7.281105990699527,0.13734177215168142,548.576,54.52,54.52,3994.2400000000002,75.3424,7.9498427657407165,2.946183972531247,4.162003210695915,2.2700619012884857,1.8813695581487633,2.382141802457978,63.068999999999996,0.7815324464308061,0.16761940029682904,8.649650000000001,0.5737318350875825,0.05289927826660615,False,False,False,False,False,False,False,False,False,False,True,False,False,False,False,False,False,False,False,False
64,1092.26,62.3,8.57,FCPR-D1_CIR.csv,7.2695449240692,0.1375601926161516,533.911,53.73,53.73,3881.2899999999995,73.4449,7.893034904268446,2.9274562336608896,4.147885329150131,2.258633205464863,1.8645131995195232,2.356081835221547,63.068999999999996,0.7815324464308061,-0.9839642658645347,8.649650000000001,0.5737318350875825,-0.1388279246766204,False,False,False,False,False,False,False,False,False,False,False,False,False,False,False,False,False,False,True,False
65,1498.67,63.5,9.02,FCPR-D1_CIR.csv,7.0399113081259435,0.14204724409426447,572.77,54.480000000000004,54.480000000000004,4032.25,81.3604,7.968688725254614,3.003331483536241,4.1666652238017265,2.3045830956567186,1.8870221414587378,2.4645272398665967,63.068999999999996,0.7815324464308061,0.5514806223506109,8.649650000000001,0.5737318350875825,0.6455106328184,True,False,False,False,False,False,False,False,False,False,False,False,False,False,False,False,False,False,False,False
66,1467.18,62.6,8.14,FCPR-D1_CIR.csv,7.690417690323213,0.13003194888158143,509.564,54.46,54.46,3918.76,66.2596,7.912016177940993,2.8530685235374214,4.152613470346076,2.2126603854660587,1.8701151378240854,2.256917625888753,63.068999999999996,0.7815324464308061,-0.6001030438107438,8.649650000000001,0.5737318350875825,-0.8883069907274184,False,False,False,False,False,False,False,True,False,False,False,False,False,False,False,False,False,False,False,False
67,1643.58,63.8,8.86,FCPR-D1_CIR.csv,7.200902934455972,0.1388714733540143,565.2679999999999,54.94,54.94,4070.4399999999996,78.49959999999999,7.987490219086343,2.9765752132274432,4.1713056033582285,2.288486168614544,1.8926917079807226,2.4254085877731626,63.068999999999996,0.7815324464308061,0.9353418444043927,8.649650000000001,0.5737318350875825,0.36663470126461434,False,False,False,False,False,False,False,False,False,False,False,False,False,True,False,False,False,False,False,False
68,2128.85,63.8,9.05,FCPR-D1_CIR.csv,7.049723756828179,0.14184952978034193,577.39,54.75,54.75,4070.4399999999996,81.90250000000002,7.987490219086343,3.0083217912982647,4.1713056033582285,2.307572634505085,1.8926917079807226,2.471931923057472,63.068999999999996,0.7815324464308061,0.9353418444043927,8.649650000000001,0.5737318350875825,0.6977998699847369,False,False,False,False,False,False,False,False,False,False,False,False,False,True,False,False,False,False,False,False
69,2501.96,62.5,8.25,FCPR-D1_CIR.csv,7.575757575665748,0.1319999999997888,515.625,54.25,54.25,3906.25,68.0625,7.905694150420948,2.8722813232690143,4.151039905898646,2.224623551524334,1.8682459574322223,2.2818807653293036,63.068999999999996,0.7815324464308061,-0.7280567844953407,8.649650000000001,0.5737318350875825,-0.6965797877841918,False,False,False,False,False,True,False,False,False,False,False,False,False,False,False,False,False,False,False,False
70,1077.25,62.2,8.63,FCPR-D1_CIR.csv,7.207415990646496,0.13874598070717242,536.7860000000001,53.57,53.57,3868.84,74.47690000000001,7.886697661252142,2.9376861643136762,4.146304301152812,2.2648832258100344,1.862649618265929,2.3702608206522378,63.068999999999996,0.7815324464308061,-1.1119180065491225,8.649650000000001,0.5737318350875825,-0.03424945034394996,False,False,False,False,False,False,False,False,False,False,False,False,False,False,False,False,False,False,True,False
71,796.42,62.0,8.37,FCPR-D1_CIR.csv,7.4074074073189085,0.13499999999978224,518.9399999999999,53.63,53.63,3844.0,70.05689999999998,7.874007874011811,2.8930952282978866,4.143134726391533,2.2375130962503307,1.858928041846342,2.3094282890863056,63.068999999999996,0.7815324464308061,-1.3678254879183165,8.649650000000001,0.5737318350875825,-0.4874228391188541,False,False,False,False,False,False,False,False,False,False,False,False,False,False,False,False,False,True,False,False
72,1011.37,63.4,8.8,FCPR-D1_CIR.csv,7.204545454463584,0.13880126182943409,557.9200000000001,54.599999999999994,54.599999999999994,4019.56,77.44000000000001,7.962411694957753,2.9664793948382653,4.165113633110308,2.2823823856765264,1.8851360625139246,2.41089970641721,63.068999999999996,0.7815324464308061,0.42352688166601393,8.649650000000001,0.5737318350875825,0.262056226931947,True,False,False,False,False,False,False,False,False,False,False,False,False,False,False,False,False,False,False,False
73,1400.32,62.6,8.22,FCPR-D1_CIR.csv,7.615571776063071,0.13130990415314486,514.572,54.38,54.38,3918.76,67.56840000000001,7.912016177940993,2.86705423736629,4.152613470346076,2.2213750375685026,1.8701151378240854,2.275045381235993,63.068999999999996,0.7815324464308061,-0.6001030438107438,8.649650000000001,0.5737318350875825,-0.7488690249505255,False,False,False,False,False,True,False,False,False,False,False,False,False,False,False,False,False,False,False,False
74,1709.65,62.4,7.96,FCPR-D1_CIR.csv,7.839195979801015,0.12756410256389814,496.704,54.44,54.44,3893.7599999999998,63.3616,7.899367063252599,2.821347195933177,4.14946386144318,2.192770226986839,1.8663786452864723,2.2166565453905425,63.068999999999996,0.7815324464308061,-0.8560105251799377,8.649650000000001,0.5737318350875825,-1.2020424137254282,False,False,False,False,False,False,False,False,False,False,False,False,False,False,False,False,False,False,False,True
75,1440.16,63.5,8.75,FCPR-D1_CIR.csv,7.257142857059918,0.13779527559033417,555.625,54.75,54.75,4032.25,76.5625,7.968688725254614,2.958039891549808,4.1666652238017265,2.277267285009756,1.8870221414587378,2.398875293967098,63.068999999999996,0.7815324464308061,0.5514806223506109,8.649650000000001,0.5737318350875825,0.1749074983213878,False,False,True,False,False,False,False,False,False,False,False,False,False,False,False,False,False,False,False,False
76,985.32,63.0,8.81,FCPR-D1_CIR.csv,7.150964812631657,0.1398412698410479,555.0300000000001,54.19,54.19,3969.0,77.6161,7.937253933193772,2.968164415931166,4.1588830833596715,2.2834022735772717,1.8776105792643432,2.4133118119753973,63.068999999999996,0.7815324464308061,-0.08828808107236491,8.649650000000001,0.5737318350875825,0.2794859726540582,False,False,False,False,False,False,False,False,True,False,False,False,False,False,False,False,False,False,False,False
77,641.92,62.5,8.99,FCPR-D1_CIR.csv,6.952169076674614,0.14383999999976985,561.875,53.51,53.51,3906.25,80.82010000000001,7.905694150420948,2.99833287011299,4.151039905898646,2.301584592660462,1.8682459574322223,2.457144737437517,63.068999999999996,0.7815324464308061,-0.7280567844953407,8.649650000000001,0.5737318350875825,0.5932213956520664,False,False,False,False,True,False,False,False,False,False,False,False,False,False,False,False,False,False,False,False
78,890.45,62.3,8.44,FCPR-D1_CIR.csv,7.381516587590267,0.1354735152485787,525.8119999999999,53.86,53.86,3881.2899999999995,71.2336,7.893034904268446,2.90516780926679,4.147885329150131,2.244955980157409,1.8645131995195232,2.3256510003566726,63.068999999999996,0.7815324464308061,-0.9839642658645347,8.649650000000001,0.5737318350875825,-0.36541461906407247,False,False,False,False,False,False,False,False,False,False,False,False,False,False,False,False,False,True,False,False
79,1382.73,62.2,8.0,FCPR-D1_CIR.csv,7.774999999902813,0.12861736334384466,497.6,54.2,54.2,3868.84,64.0,7.886697661252142,2.8284271247461903,4.146304301152812,2.1972245773362196,1.862649618265929,2.225540928492468,63.068999999999996,0.7815324464308061,-1.1119180065491225,8.649650000000001,0.5737318350875825,-1.1323234308369816,False,False,False,False,False,False,False,False,False,False,False,False,False,False,False,False,False,False,False,True
80,729.21,61.7,7.97,FCPR-D1_CIR.csv,7.741530740178902,0.12917341977288627,491.749,53.730000000000004,53.730000000000004,3806.8900000000003,63.5209,7.854934754662192,2.8231188426986207,4.138361447638875,2.1938856760707046,1.8533596145380853,2.218874310633741,63.068999999999996,0.7815324464308061,-1.7516867099720983,8.649650000000001,0.5737318350875825,-1.1846126680033169,False,False,False,False,False,False,False,False,False,False,False,False,False,False,False,False,False,False,False,True
81,957.42,62.3,8.57,FCPR-D1_CIR.csv,7.2695449240692,0.1375601926161516,533.911,53.73,53.73,3881.2899999999995,73.4449,7.893034904268446,2.9274562336608896,4.147885329150131,2.258633205464863,1.8645131995195232,2.356081835221547,63.068999999999996,0.7815324464308061,-0.9839642658645347,8.649650000000001,0.5737318350875825,-0.1388279246766204,False,False,False,False,False,False,False,False,False,False,False,False,False,False,False,False,False,False,True,False
82,1295.59,62.5,8.32,FCPR-D1_CIR.csv,7.512019230678942,0.13311999999978702,520.0,54.18,54.18,3906.25,69.22240000000001,7.905694150420948,2.8844410203711917,4.151039905898646,2.2321626286975,1.8682459574322223,2.2979099674414796,63.068999999999996,0.7815324464308061,-0.7280567844953407,8.649650000000001,0.5737318350875825,-0.5745715677294102,False,False,False,False,False,True,False,False,False,False,False,False,False,False,False,False,False,False,False,False
83,922.37,62.4,8.32,FCPR-D1_CIR.csv,7.499999999909855,0.13333333333311967,519.168,54.08,54.08,3893.7599999999998,69.22240000000001,7.899367063252599,2.8844410203711917,4.14946386144318,2.2321626286975,1.8663786452864723,2.2979099674414796,63.068999999999996,0.7815324464308061,-0.8560105251799377,8.649650000000001,0.5737318350875825,-0.5745715677294102,False,False,False,False,False,False,False,False,False,False,False,False,False,False,False,False,False,True,False,False
84,1087.86,62.3,8.57,FCPR-D1_CIR.csv,7.2695449240692,0.1375601926161516,533.911,53.73,53.73,3881.2899999999995,73.4449,7.893034904268446,2.9274562336608896,4.147885329150131,2.258633205464863,1.8645131995195232,2.356081835221547,63.068999999999996,0.7815324464308061,-0.9839642658645347,8.649650000000001,0.5737318350875825,-0.1388279246766204,False,False,False,False,False,False,False,False,False,False,False,False,False,False,False,False,False,False,True,False
85,1592.44,63.5,8.45,FCPR-D1_CIR.csv,7.514792899319352,0.13307086614152272,536.5749999999999,55.05,55.05,4032.25,71.40249999999999,7.968688725254614,2.9068883707497264,4.1666652238017265,2.2460147415056513,1.8870221414587378,2.3279778145702346,63.068999999999996,0.7815324464308061,0.5514806223506109,8.649650000000001,0.5737318350875825,-0.3479848733419612,False,False,True,False,False,False,False,False,False,False,False,False,False,False,False,False,False,False,False,False
86,1427.52,64.1,10.22,FCPR-D1_CIR.csv,6.272015655515928,0.15943837753485268,655.102,53.879999999999995,53.879999999999995,4108.8099999999995,104.4484,8.006247560499238,3.1968734726291563,4.175924549214524,2.4176979000945504,1.898378308740855,2.7787467035811972,63.068999999999996,0.7815324464308061,1.3192030664581746,8.649650000000001,0.5737318350875825,2.737080119471793,False,False,False,False,False,False,False,False,False,False,False,False,False,False,False,True,False,False,False,False
87,1905.03,63.6,8.8,FCPR-D1_CIR.csv,7.2272727271905985,0.13836477987399629,559.6800000000001,54.8,54.8,4044.96,77.44000000000001,7.974960814950754,2.9664793948382653,4.168214410788556,2.2823823856765264,1.8889101074258496,2.41089970641721,63.068999999999996,0.7815324464308061,0.6794343630352079,8.649650000000001,0.5737318350875825,0.262056226931947,True,False,False,False,False,False,False,False,False,False,False,False,False,False,False,False,False,False,False,False
88,1703.58,62.7,8.28,FCPR-D1_CIR.csv,7.572463768024488,0.13205741626773196,519.156,54.42,54.42,3931.2900000000004,68.55839999999999,7.918333157931662,2.8774989139876315,4.154184562578117,2.2278615467981093,1.8719861883312423,2.288736686364905,63.068999999999996,0.7815324464308061,-0.4721493031261468,8.649650000000001,0.5737318350875825,-0.6442905506178582,False,False,False,False,False,True,False,False,False,False,False,False,False,False,False,False,False,False,False,False
89,2030.85,63.6,8.38,FCPR-D1_CIR.csv,7.58949880659201,0.131761006289101,532.9680000000001,55.22,55.22,4044.96,70.22440000000002,7.974960814950754,2.894822965226026,4.168214410788556,2.238579763018133,1.8889101074258496,2.3117388724745376,63.068999999999996,0.7815324464308061,0.6794343630352079,8.649650000000001,0.5737318350875825,-0.4699930933967398,False,True,False,False,False,False,False,False,False,False,False,False,False,False,False,False,False,False,False,False
90,985.33,64.2,10.18,FCPR-D1_CIR.csv,6.306483300527442,0.15856697819289942,653.556,54.02,54.02,4121.64,103.63239999999999,8.012490249604053,3.1906112267087634,4.177459468932607,2.414126467726953,1.9002776365552259,2.7676539171301524,63.068999999999996,0.7815324464308061,1.4471568071427807,8.649650000000001,0.5737318350875825,2.667361136583345,False,False,False,False,False,False,False,False,False,False,False,False,False,False,False,True,False,False,False,False
91,950.09,63.1,8.66,FCPR-D1_CIR.csv,7.286374133865054,0.13724247226602657,546.446,54.44,54.44,3981.61,74.9956,7.9435508432942,2.9427877939124323,4.160444363926624,2.2679936482244267,1.8794891289619104,2.3773822799620654,63.068999999999996,0.7815324464308061,0.03966565961223206,8.649650000000001,0.5737318350875825,0.018039786822383705,False,False,False,False,False,False,False,False,False,False,True,False,False,False,False,False,False,False,False,False
92,1127.6,62.8,8.76,FCPR-D1_CIR.csv,7.16894977160766,0.13949044585965048,550.1279999999999,54.04,54.04,3943.8399999999997,76.7376,7.92464510246358,2.9597297173897483,4.155753190350744,2.278292400425001,1.8738591108247435,2.4012753690986246,63.068999999999996,0.7815324464308061,-0.34419556244155886,8.649650000000001,0.5737318350875825,0.192337244043499,False,False,False,False,False,False,True,False,False,False,False,False,False,False,False,False,False,False,False,False
93,1557.36,62.6,8.25,FCPR-D1_CIR.csv,7.5878787877868135,0.13178913737998116,516.45,54.35,54.35,3918.76,68.0625,7.912016177940993,2.8722813232690143,4.152613470346076,2.224623551524334,1.8701151378240854,2.2818807653293036,63.068999999999996,0.7815324464308061,-0.6001030438107438,8.649650000000001,0.5737318350875825,-0.6965797877841918,False,False,False,False,False,True,False,False,False,False,False,False,False,False,False,False,False,False,False,False
94,1123.69,62.0,8.23,FCPR-D1_CIR.csv,7.533414337697042,0.13274193548365687,510.26000000000005,53.769999999999996,53.769999999999996,3844.0,67.7329,7.874007874011811,2.8687976575562106,4.143134726391533,2.222459048514761,1.858928041846342,2.277321564519189,63.068999999999996,0.7815324464308061,-1.3678254879183165,8.649650000000001,0.5737318350875825,-0.7314392792284143,False,False,False,False,False,False,False,False,False,False,False,False,False,False,False,False,False,True,False,False
95,1302.36,63.0,8.6,FCPR-D1_CIR.csv,7.325581395263656,0.1365079365077198,541.8,54.4,54.4,3969.0,73.96,7.937253933193772,2.932575659723036,4.1588830833596715,2.2617630984737906,1.8776105792643432,2.3631606937057947,63.068999999999996,0.7815324464308061,-0.08828808107236491,8.649650000000001,0.5737318350875825,-0.08653868751028672,False,False,False,False,False,False,False,False,False,False,True,False,False,False,False,False,False,False,False,False
96,919.4,62.5,7.97,FCPR-D1_CIR.csv,7.84190715172093,0.12751999999979596,498.125,54.53,54.53,3906.25,63.5209,7.905694150420948,2.8231188426986207,4.151039905898646,2.1938856760707046,1.8682459574322223,2.218874310633741,63.068999999999996,0.7815324464308061,-0.7280567844953407,8.649650000000001,0.5737318350875825,-1.1846126680033169,False,False,False,False,False,False,False,True,False,False,False,False,False,False,False,False,False,False,False,False
97,1355.92,62.5,8.2,FCPR-D1_CIR.csv,7.621951219419246,0.13119999999979007,512.5,54.3,54.3,3906.25,67.24,7.905694150420948,2.8635642126552705,4.151039905898646,2.2192034840549946,1.8682459574322223,2.2704998375324057,63.068999999999996,0.7815324464308061,-0.7280567844953407,8.649650000000001,0.5737318350875825,-0.783728516394751,False,False,False,False,False,True,False,False,False,False,False,False,False,False,False,False,False,False,False,False
98,1774.29,63.2,8.39,FCPR-D1_CIR.csv,7.532777115524043,0.13275316455675198,530.248,54.81,54.81,3994.2400000000002,70.39210000000001,7.9498427657407165,2.896549671592048,4.162003210695915,2.2396452932201716,1.8813695581487633,2.3140517676018346,63.068999999999996,0.7815324464308061,0.16761940029682904,8.649650000000001,0.5737318350875825,-0.4525633476746286,False,False,False,False,False,False,False,False,False,True,False,False,False,False,False,False,False,False,False,False
99,2143.24,62.8,8.13,FCPR-D1_CIR.csv,7.724477244677435,0.1294585987259085,510.564,54.669999999999995,54.669999999999995,3943.8399999999997,66.09690000000002,7.92464510246358,2.8513154858766505,4.155753190350744,2.211565694606877,1.8738591108247435,2.254661836345618,63.068999999999996,0.7815324464308061,-0.34419556244155886,8.649650000000001,0.5737318350875825,-0.9057367364495296,False,False,False,False,False,False,False,True,False,False,False,False,False,False,False,False,False,False,False,False
100,2177.57,64.0,9.35,FCPR-D1_CIR.csv,6.844919786023049,0.14609374999977173,598.4,54.65,54.65,4096.0,87.4225,8.0,3.057776970284131,4.174387269895637,2.336986519711378,1.8964808793049515,2.5472134577390073,63.068999999999996,0.7815324464308061,1.1912493257735868,8.649650000000001,0.5737318350875825,1.2206922416480828,False,False,False,False,False,False,False,False,False,False,False,False,False,False,False,True,False,False,False,False
101,2193.66,62.4,7.92,FCPR-D1_CIR.csv,7.878787878688399,0.12692307692287352,494.20799999999997,54.48,54.48,3893.7599999999998,62.7264,7.899367063252599,2.814249455894058,4.14946386144318,2.188295946591918,1.8663786452864723,2.2078076288406328,63.068999999999996,0.7815324464308061,-0.8560105251799377,8.649650000000001,0.5737318350875825,-1.2717613966138746,False,False,False,False,False,False,False,False,False,False,False,False,False,False,False,False,False,False,False,True
102,2240.07,63.4,8.64,FCPR-D1_CIR.csv,7.3379629628780325,0.13627760252344437,547.7760000000001,54.76,54.76,4019.56,74.6496,7.962411694957753,2.939387691339814,4.165113633110308,2.265921108622454,1.8851360625139246,2.3726322669984428,63.068999999999996,0.7815324464308061,0.42352688166601393,8.649650000000001,0.5737318350875825,-0.016819704621838738,False,False,True,False,False,False,False,False,False,False,False,False,False,False,False,False,False,False,False,False
103,1760.31,62.5,7.85,FCPR-D1_CIR.csv,7.9617834393890226,0.12559999999979904,490.625,54.65,54.65,3906.25,61.622499999999995,7.905694150420948,2.80178514522438,4.151039905898646,2.180417459019838,1.8682459574322223,2.1924069407332154,63.068999999999996,0.7815324464308061,-0.7280567844953407,8.649650000000001,0.5737318350875825,-1.3937696166686562,False,False,False,False,False,False,False,True,False,False,False,False,False,False,False,False,False,False,False,False
104,1364.09,63.4,8.81,FCPR-D1_CIR.csv,7.196367763822969,0.13895899053605842,558.554,54.589999999999996,54.589999999999996,4019.56,77.6161,7.962411694957753,2.968164415931166,4.165113633110308,2.2834022735772717,1.8851360625139246,2.4133118119753973,63.068999999999996,0.7815324464308061,0.42352688166601393,8.649650000000001,0.5737318350875825,0.2794859726540582,True,False,False,False,False,False,False,False,False,False,False,False,False,False,False,False,False,False,False,False
105,1236.7,63.2,8.69,FCPR-D1_CIR.csv,7.272727272643583,0.1374999999997824,549.208,54.510000000000005,54.510000000000005,3994.2400000000002,75.5161,7.9498427657407165,2.947880594596735,4.162003210695915,2.2710944259026746,1.8813695581487633,2.38452513572846,63.068999999999996,0.7815324464308061,0.16761940029682904,8.649650000000001,0.5737318350875825,0.07032902398871736,False,False,False,False,False,False,False,False,False,False,True,False,False,False,False,False,False,False,False,False
106,947.44,63.1,9.1,FCPR-D1_CIR.csv,6.934065933989736,0.1442155309030995,574.21,54.0,54.0,3981.61,82.80999999999999,7.9435508432942,3.0166206257996713,4.160444363926624,2.312535423847214,1.8794891289619104,2.4843225333848165,63.068999999999996,0.7815324464308061,0.03966565961223206,8.649650000000001,0.5737318350875825,0.7849485985952929,False,False,False,False,False,False,False,False,True,False,False,False,False,False,False,False,False,False,False,False
107,1139.58,62.8,8.85,FCPR-D1_CIR.csv,7.096045197659931,0.14092356687875648,555.78,53.949999999999996,53.949999999999996,3943.8399999999997,78.32249999999999,7.92464510246358,2.9748949561287032,4.155753190350744,2.2874714551839976,1.8738591108247435,2.4229843914855502,63.068999999999996,0.7815324464308061,-0.34419556244155886,8.649650000000001,0.5737318350875825,0.3492049555425031,False,False,False,False,True,False,False,False,False,False,False,False,False,False,False,False,False,False,False,False
108,1362.81,63.2,8.81,FCPR-D1_CIR.csv,7.173666288227314,0.1393987341769946,556.792,54.39,54.39,3994.2400000000002,77.6161,7.9498427657407165,2.968164415931166,4.162003210695915,2.2834022735772717,1.8813695581487633,2.4133118119753973,63.068999999999996,0.7815324464308061,0.16761940029682904,8.649650000000001,0.5737318350875825,0.2794859726540582,False,False,False,False,False,False,False,False,True,False,False,False,False,False,False,False,False,False,False,False
109,1617.36,62.8,8.88,FCPR-D1_CIR.csv,7.072072071992431,0.14140127388512516,557.664,53.919999999999995,53.919999999999995,3943.8399999999997,78.85440000000001,7.92464510246358,2.979932885150268,4.155753190350744,2.2905125117597764,1.8738591108247435,2.430264259001381,63.068999999999996,0.7815324464308061,-0.34419556244155886,8.649650000000001,0.5737318350875825,0.40149419270883985,False,False,False,False,True,False,False,False,False,False,False,False,False,False,False,False,False,False,False,False
110,1385.99,62.6,8.62,FCPR-D1_CIR.csv,7.262180974393711,0.13769968051096212,539.612,53.980000000000004,53.980000000000004,3918.76,74.30439999999999,7.912016177940993,2.9359836511806394,4.152613470346076,2.263844264677615,1.8701151378240854,2.367891744567051,63.068999999999996,0.7815324464308061,-0.6001030438107438,8.649650000000001,0.5737318350875825,-0.051679196066064276,False,False,False,False,False,False,True,False,False,False,False,False,False,False,False,False,False,False,False,False
111,956.29,63.3,9.36,FCPR-D1_CIR.csv,6.76282051274826,0.14786729857796546,592.4879999999999,53.94,53.94,4006.8899999999994,87.60959999999999,7.956129712366434,3.059411708155671,4.163559631243574,2.337952236831337,1.8832518687053312,2.5497619452281173,63.068999999999996,0.7815324464308061,0.29557314098141696,8.649650000000001,0.5737318350875825,1.2381219873701939,False,False,False,False,False,False,False,False,False,False,False,True,False,False,False,False,False,False,False,False
112,1339.12,62.3,8.2,FCPR-D1_CIR.csv,7.597560975517103,0.1316211878007518,510.85999999999996,54.099999999999994,54.099999999999994,3881.2899999999995,67.24,7.893034904268446,2.8635642126552705,4.147885329150131,2.2192034840549946,1.8645131995195232,2.2704998375324057,63.068999999999996,0.7815324464308061,-0.9839642658645347,8.649650000000001,0.5737318350875825,-0.783728516394751,False,False,False,False,False,False,False,False,False,False,False,False,False,False,False,False,False,True,False,False
113,1352.37,63.4,8.84,FCPR-D1_CIR.csv,7.171945701276336,0.1394321766559315,560.456,54.56,54.56,4019.56,78.1456,7.962411694957753,2.973213749463701,4.165113633110308,2.286455711064162,1.8851360625139246,2.4205626181825304,63.068999999999996,0.7815324464308061,0.42352688166601393,8.649650000000001,0.5737318350875825,0.3317752098203919,True,False,False,False,False,False,False,False,False,False,False,False,False,False,False,False,False,False,False,False
114,1260.51,63.3,9.06,FCPR-D1_CIR.csv,6.9867549668103,0.14312796208508197,573.498,54.239999999999995,54.239999999999995,4006.8899999999994,82.0836,7.956129712366434,3.0099833886584824,4.163559631243574,2.3085671646715933,1.8832518687053312,2.4744050913585824,63.068999999999996,0.7815324464308061,0.29557314098141696,8.649650000000001,0.5737318350875825,0.7152296157068481,False,False,False,False,False,False,False,False,True,False,False,False,False,False,False,False,False,False,False,False
115,1427.45,64.0,9.3,FCPR-D1_CIR.csv,6.881720430033529,0.14531249999977294,595.2,54.7,54.7,4096.0,86.49000000000001,8.0,3.0495901363953815,4.174387269895637,2.33214389523559,1.8964808793049515,2.534509177617855,63.068999999999996,0.7815324464308061,1.1912493257735868,8.649650000000001,0.5737318350875825,1.1335435130375267,False,False,False,False,False,False,False,False,False,False,False,False,False,False,False,True,False,False,False,False
116,1159.83,63.2,8.45,FCPR-D1_CIR.csv,7.479289940739891,0.13370253164535806,534.04,54.75,54.75,3994.2400000000002,71.40249999999999,7.9498427657407165,2.9068883707497264,4.162003210695915,2.2460147415056513,1.8813695581487633,2.3279778145702346,63.068999999999996,0.7815324464308061,0.16761940029682904,8.649650000000001,0.5737318350875825,-0.3479848733419612,False,False,False,False,False,False,False,False,False,False,True,False,False,False,False,False,False,False,False,False
117,1168.82,62.8,8.18,FCPR-D1_CIR.csv,7.677261613598078,0.13025477706985628,513.704,54.62,54.62,3943.8399999999997,66.91239999999999,7.92464510246358,2.8600699292150185,4.155753190350744,2.217027204632399,1.8738591108247435,2.2659633758311957,63.068999999999996,0.7815324464308061,-0.34419556244155886,8.649650000000001,0.5737318350875825,-0.8185880078389735,False,False,False,False,False,False,False,True,False,False,False,False,False,False,False,False,False,False,False,False
118,1692.2,63.6,8.9,FCPR-D1_CIR.csv,7.146067415650044,0.13993710691801897,566.0400000000001,54.7,54.7,4044.96,79.21000000000001,7.974960814950754,2.9832867780352594,4.168214410788556,2.2925347571405443,1.8889101074258496,2.4351296512898744,63.068999999999996,0.7815324464308061,0.6794343630352079,8.649650000000001,0.5737318350875825,0.4363536841530623,True,False,False,False,False,False,False,False,False,False,False,False,False,False,False,False,False,False,False,False
119,1801.04,63.6,9.0,FCPR-D1_CIR.csv,7.066666666588148,0.14150943396204163,572.4,54.6,54.6,4044.96,81.0,7.974960814950754,3.0,4.168214410788556,2.302585092994046,1.8889101074258496,2.45960311115695,63.068999999999996,0.7815324464308061,0.6794343630352079,8.649650000000001,0.5737318350875825,0.6106511413741776,True,False,False,False,False,False,False,False,False,False,False,False,False,False,False,False,False,False,False,False
120,1640.32,63.4,8.61,FCPR-D1_CIR.csv,7.363530778079402,0.13580441640357127,545.8739999999999,54.79,54.79,4019.56,74.1321,7.962411694957753,2.9342801502242417,4.165113633110308,2.262804222982201,1.8851360625139246,2.365525036373806,63.068999999999996,0.7815324464308061,0.42352688166601393,8.649650000000001,0.5737318350875825,-0.0691089417881755,False,False,True,False,False,False,False,False,False,False,False,False,False,False,False,False,False,False,False,False
121,1979.47,64.2,9.12,FCPR-D1_CIR.csv,7.03947368413334,0.14205607476613386,585.504,55.080000000000005,55.080000000000005,4121.64,83.17439999999999,8.012490249604053,3.0199337741082997,4.177459468932607,2.3145136638593193,1.9002776365552259,2.48929615041074,63.068999999999996,0.7815324464308061,1.4471568071427807,8.649650000000001,0.5737318350875825,0.8198080900395154,False,False,False,False,False,False,False,False,False,False,False,False,False,False,False,True,False,False,False,False
122,1775.65,63.4,8.86,FCPR-D1_CIR.csv,7.155756207594179,0.1397476340691802,561.7239999999999,54.54,54.54,4019.56,78.49959999999999,7.962411694957753,2.9765752132274432,4.165113633110308,2.288486168614544,1.8851360625139246,2.4254085877731626,63.068999999999996,0.7815324464308061,0.42352688166601393,8.649650000000001,0.5737318350875825,0.36663470126461434,True,False,False,False,False,False,False,False,False,False,False,False,False,False,False,False,False,False,False,False
123,2134.33,63.7,8.94,FCPR-D1_CIR.csv,7.125279641978465,0.14034536891657715,569.478,54.760000000000005,54.760000000000005,4057.6900000000005,79.9236,7.981227975693966,2.9899832775452104,4.169761201506855,2.2965670206684825,1.8907999623032261,2.444889676932956,63.068999999999996,0.7815324464308061,0.8073881037198049,8.649650000000001,0.5737318350875825,0.5060726670415072,True,False,False,False,False,False,False,False,False,False,False,False,False,False,False,False,False,False,False,False
124,2089.07,63.7,8.97,FCPR-D1_CIR.csv,7.10144927528315,0.1408163265303912,571.389,54.730000000000004,54.730000000000004,4057.6900000000005,80.46090000000001,7.981227975693966,2.9949958263743874,4.169761201506855,2.299580583973747,1.8907999623032261,2.4522353589775614,63.068999999999996,0.7815324464308061,0.8073881037198049,8.649650000000001,0.5737318350875825,0.5583619042078439,True,False,False,False,False,False,False,False,False,False,False,False,False,False,False,False,False,False,False,False
125,2526.44,62.7,8.24,FCPR-D1_CIR.csv,7.609223300878529,0.1314194577350376,516.648,54.46,54.46,3931.2900000000004,67.8976,7.918333157931662,2.870540018881465,4.154184562578117,2.2235418856535927,1.8719861883312423,2.2796000251241386,63.068999999999996,0.7815324464308061,-0.4721493031261468,8.649650000000001,0.5737318350875825,-0.714009533506303,False,False,False,False,False,True,False,False,False,False,False,False,False,False,False,False,False,False,False,False
126,2321.75,63.9,8.96,FCPR-D1_CIR.csv,7.131696428491833,0.14021909233154897,572.5440000000001,54.94,54.94,4083.21,80.28160000000001,7.993747556684537,2.9933259094191533,4.1728476237100445,2.298577071596507,1.894585346350085,2.44978434932766,63.068999999999996,0.7815324464308061,1.0632955850889898,8.649650000000001,0.5737318350875825,0.5409321584857327,False,False,False,False,False,False,False,False,False,False,False,False,False,True,False,False,False,False,False,False
127,1827.25,62.7,8.03,FCPR-D1_CIR.csv,7.808219177984955,0.12807017543839222,503.481,54.67,54.67,3931.2900000000004,64.48089999999999,7.918333157931662,2.8337254630609507,4.154184562578117,2.200552367428894,1.8719861883312423,2.232227576234573,63.068999999999996,0.7815324464308061,-0.4721493031261468,8.649650000000001,0.5737318350875825,-1.080034193670648,False,False,False,False,False,False,False,True,False,False,False,False,False,False,False,False,False,False,False,False
128,2252.64,64.2,9.29,FCPR-D1_CIR.csv,6.910656619947141,0.14470404984401133,596.418,54.910000000000004,54.910000000000004,4121.64,86.30409999999999,8.012490249604053,3.047950130825634,4.177459468932607,2.331172549845958,1.9002776365552259,2.531975935272513,63.068999999999996,0.7815324464308061,1.4471568071427807,8.649650000000001,0.5737318350875825,1.1161137673154122,False,False,False,False,False,False,False,False,False,False,False,False,False,False,False,True,False,False,False,False
129,2067.88,64.0,9.22,FCPR-D1_CIR.csv,6.9414316702067085,0.1440624999997749,590.08,54.78,54.78,4096.0,85.00840000000001,8.0,3.0364452901377956,4.174387269895637,2.3243465847755584,1.8964808793049515,2.514313992644344,63.068999999999996,0.7815324464308061,1.1912493257735868,8.649650000000001,0.5737318350875825,0.9941055472606337,False,False,False,False,False,False,False,False,False,False,False,False,False,False,False,True,False,False,False,False
130,1499.24,64.7,9.85,FCPR-D1_CIR.csv,6.5685279187150405,0.15224111282820363,637.295,54.85,54.85,4186.09,97.0225,8.043631020876083,3.138470965295043,4.185098925490565,2.3841650799864684,1.9098028178471123,2.6778118844210494,63.068999999999996,0.7815324464308061,2.0869255105657567,8.649650000000001,0.5737318350875825,2.0921795277536623,False,False,False,False,False,False,False,False,False,False,False,False,False,False,False,True,False,False,False,False
131,1207.35,62.7,8.32,FCPR-D1_CIR.csv,7.536057692217115,0.1326953748004263,521.664,54.38,54.38,3931.2900000000004,69.22240000000001,7.918333157931662,2.8844410203711917,4.154184562578117,2.2321626286975,1.8719861883312423,2.2979099674414796,63.068999999999996,0.7815324464308061,-0.4721493031261468,8.649650000000001,0.5737318350875825,-0.5745715677294102,False,False,False,False,False,True,False,False,False,False,False,False,False,False,False,False,False,False,False,False
132,1674.21,63.4,8.39,FCPR-D1_CIR.csv,7.556615017788359,0.13233438485783544,531.926,55.01,55.01,4019.56,70.39210000000001,7.962411694957753,2.896549671592048,4.165113633110308,2.2396452932201716,1.8851360625139246,2.3140517676018346,63.068999999999996,0.7815324464308061,0.42352688166601393,8.649650000000001,0.5737318350875825,-0.4525633476746286,False,True,False,False,False,False,False,False,False,False,False,False,False,False,False,False,False,False,False,False
133,1335.34,63.4,9.02,FCPR-D1_CIR.csv,7.028824833624958,0.14227129337516992,571.8679999999999,54.379999999999995,54.379999999999995,4019.56,81.3604,7.962411694957753,3.003331483536241,4.165113633110308,2.3045830956567186,1.8851360625139246,2.4645272398665967,63.068999999999996,0.7815324464308061,0.42352688166601393,8.649650000000001,0.5737318350875825,0.6455106328184,True,False,False,False,False,False,False,False,False,False,False,False,False,False,False,False,False,False,False,False
134,901.26,62.4,8.77,FCPR-D1_CIR.csv,7.115165336292872,0.14054487179464656,547.2479999999999,53.629999999999995,53.629999999999995,3893.7599999999998,76.9129,7.899367063252599,2.9614185789921694,4.14946386144318,2.2793164660546914,1.8663786452864723,2.40367784550572,63.068999999999996,0.7815324464308061,-0.8560105251799377,8.649650000000001,0.5737318350875825,0.20976698976561023,False,False,False,False,False,False,False,False,False,False,False,False,False,False,False,False,False,False,True,False
135,1461.72,63.8,8.73,FCPR-D1_CIR.csv,7.308132875059471,0.13683385579915858,556.974,55.06999999999999,55.06999999999999,4070.4399999999996,76.2129,7.987490219086343,2.9546573405388314,4.1713056033582285,2.2752138961979136,1.8926917079807226,2.3940823379328497,63.068999999999996,0.7815324464308061,0.9353418444043927,8.649650000000001,0.5737318350875825,0.14004800687716534,False,False,False,False,False,False,False,False,False,False,False,False,False,False,True,False,False,False,False,False
136,1413.49,63.5,8.93,FCPR-D1_CIR.csv,7.110862261958445,0.14062992125962104,567.055,54.57,54.57,4032.25,79.7449,7.968688725254614,2.988310559496787,4.1666652238017265,2.295560478057081,1.8870221414587378,2.442446009293482,63.068999999999996,0.7815324464308061,0.5514806223506109,8.649650000000001,0.5737318350875825,0.48864292131939596,True,False,False,False,False,False,False,False,False,False,False,False,False,False,False,False,False,False,False,False
137,1753.41,63.8,9.02,FCPR-D1_CIR.csv,7.073170731628901,0.141379310344606,575.476,54.78,54.78,4070.4399999999996,81.3604,7.987490219086343,3.003331483536241,4.1713056033582285,2.3045830956567186,1.8926917079807226,2.4645272398665967,63.068999999999996,0.7815324464308061,0.9353418444043927,8.649650000000001,0.5737318350875825,0.6455106328184,False,False,False,False,False,False,False,False,False,False,False,False,False,True,False,False,False,False,False,False
138,2329.14,62.4,8.01,FCPR-D1_CIR.csv,7.790262172187387,0.1283653846151789,499.82399999999996,54.39,54.39,3893.7599999999998,64.1601,7.899367063252599,2.8301943396169813,4.14946386144318,2.1983350716202463,1.8663786452864723,2.2277675825624406,63.068999999999996,0.7815324464308061,-0.8560105251799377,8.649650000000001,0.5737318350875825,-1.1148936851148705,False,False,False,False,False,False,False,False,False,False,False,False,False,False,False,False,False,False,False,True
139,2630.9,63.8,9.31,FCPR-D1_CIR.csv,6.852846401644974,0.14592476489005343,593.978,54.489999999999995,54.489999999999995,4070.4399999999996,86.6761,7.987490219086343,3.0512292604784714,4.1713056033582285,2.333114298028869,1.8926917079807226,2.5370449544725853,63.068999999999996,0.7815324464308061,0.9353418444043927,8.649650000000001,0.5737318350875825,1.150973258759638,False,False,False,False,False,False,False,False,False,False,False,False,False,False,False,True,False,False,False,False
140,1729.61,62.1,7.7,FCPR-D1_CIR.csv,8.064935064830326,0.12399355877596781,478.17,54.4,54.4,3856.4100000000003,59.290000000000006,7.880355321938218,2.7748873851023217,4.144720769547168,2.163323025660538,1.8607878996621081,2.159766253784915,63.068999999999996,0.7815324464308061,-1.2398717472337195,8.649650000000001,0.5737318350875825,-1.6552158025003292,False,False,False,False,False,False,False,False,False,False,False,False,False,False,False,False,False,False,False,True
141,1383.07,62.2,8.44,FCPR-D1_CIR.csv,7.36966824635818,0.1356913183277561,524.968,53.760000000000005,53.760000000000005,3868.84,71.2336,7.886697661252142,2.90516780926679,4.146304301152812,2.244955980157409,1.862649618265929,2.3256510003566726,63.068999999999996,0.7815324464308061,-1.1119180065491225,8.649650000000001,0.5737318350875825,-0.36541461906407247,False,False,False,False,False,False,False,False,False,False,False,False,False,False,False,False,False,True,False,False
142,1065.07,62.0,8.14,FCPR-D1_CIR.csv,7.616707616614045,0.1312903225804334,504.68000000000006,53.86,53.86,3844.0,66.2596,7.874007874011811,2.8530685235374214,4.143134726391533,2.2126603854660587,1.858928041846342,2.256917625888753,63.068999999999996,0.7815324464308061,-1.3678254879183165,8.649650000000001,0.5737318350875825,-0.8883069907274184,False,False,False,False,False,False,False,False,False,False,False,False,False,False,False,False,False,False,False,True
143,1065.57,63.0,8.79,FCPR-D1_CIR.csv,7.167235494799009,0.13952380952358803,553.77,54.21,54.21,3969.0,77.26409999999998,7.937253933193772,2.9647934160747185,4.1588830833596715,2.281361456542419,1.8776105792643432,2.4084900117589294,63.068999999999996,0.7815324464308061,-0.08828808107236491,8.649650000000001,0.5737318350875825,0.24462648120983269,False,False,False,False,False,False,False,False,True,False,False,False,False,False,False,False,False,False,False,False
144,799.69,63.9,9.44,FCPR-D1_CIR.csv,6.769067796538463,0.14773082942073906,603.216,54.46,54.46,4083.21,89.11359999999999,7.993747556684537,3.0724582991474434,4.1728476237100445,2.3456445824544927,1.894585346350085,2.570241851187732,63.068999999999996,0.7815324464308061,1.0632955850889898,8.649650000000001,0.5737318350875825,1.3775599531470868,False,False,False,False,False,False,False,False,False,False,False,False,False,False,False,True,False,False,False,False
145,1002.49,63.0,9.05,FCPR-D1_CIR.csv,6.961325966773908,0.14365079365056563,570.1500000000001,53.95,53.95,3969.0,81.90250000000002,7.937253933193772,3.0083217912982647,4.1588830833596715,2.307572634505085,1.8776105792643432,2.471931923057472,63.068999999999996,0.7815324464308061,-0.08828808107236491,8.649650000000001,0.5737318350875825,0.6977998699847369,False,False,False,False,False,False,False,False,True,False,False,False,False,False,False,False,False,False,False,False
146,888.55,63.5,9.41,FCPR-D1_CIR.csv,6.748140276230094,0.14818897637771938,597.535,54.09,54.09,4032.25,88.5481,7.968688725254614,3.0675723300355937,4.1666652238017265,2.3427668826268775,1.8870221414587378,2.5625426801650804,63.068999999999996,0.7815324464308061,0.5514806223506109,8.649650000000001,0.5737318350875825,1.325270715980753,False,False,False,True,False,False,False,False,False,False,False,False,False,False,False,False,False,False,False,False
147,1005.35,63.3,8.92,FCPR-D1_CIR.csv,7.096412555974255,0.14091627172173632,564.636,54.379999999999995,54.379999999999995,4006.8899999999994,79.5664,7.956129712366434,2.986636904613616,4.163559631243574,2.2945529212967815,1.8832518687053312,2.4400047841002204,63.068999999999996,0.7815324464308061,0.29557314098141696,8.649650000000001,0.5737318350875825,0.47121317559728476,False,False,False,False,False,False,False,False,True,False,False,False,False,False,False,False,False,False,False,False
148,1200.04,61.7,8.22,FCPR-D1_CIR.csv,7.506082724969512,0.1332252836302541,507.17400000000004,53.480000000000004,53.480000000000004,3806.8900000000003,67.56840000000001,7.854934754662192,2.86705423736629,4.138361447638875,2.2213750375685026,1.8533596145380853,2.275045381235993,63.068999999999996,0.7815324464308061,-1.7516867099720983,8.649650000000001,0.5737318350875825,-0.7488690249505255,False,False,False,False,False,False,False,False,False,False,False,False,False,False,False,False,False,True,False,False
149,765.33,62.4,8.59,FCPR-D1_CIR.csv,7.264260768250707,0.1376602564100358,536.016,53.81,53.81,3893.7599999999998,73.7881,7.899367063252599,2.930870177950569,4.14946386144318,2.2607208888953467,1.8663786452864723,2.3607987141986744,63.068999999999996,0.7815324464308061,-0.8560105251799377,8.649650000000001,0.5737318350875825,-0.10396843323239793,False,False,False,False,False,False,False,False,False,False,False,False,False,False,False,False,False,False,True,False
150,1517.67,64.1,9.03,FCPR-D1_CIR.csv,7.098560354295697,0.14087363494517804,578.8229999999999,55.06999999999999,55.06999999999999,4108.8099999999995,81.5409,8.006247560499238,3.004995840263344,4.175924549214524,2.305580601973844,1.898378308740855,2.4669929997809406,63.068999999999996,0.7815324464308061,1.3192030664581746,8.649650000000001,0.5737318350875825,0.6629403785405112,False,False,False,False,False,False,False,False,False,False,False,False,False,True,False,False,False,False,False,False
151,1093.7,62.2,8.16,FCPR-D1_CIR.csv,7.622549019514429,0.13118971061072154,507.552,54.040000000000006,54.040000000000006,3868.84,66.5856,7.886697661252142,2.85657137141714,4.146304301152812,2.214846178686039,1.862649618265929,2.261435977986511,63.068999999999996,0.7815324464308061,-1.1119180065491225,8.649650000000001,0.5737318350875825,-0.853447499283196,False,False,False,False,False,False,False,False,False,False,False,False,False,False,False,False,False,False,False,True
152,1540.79,63.7,8.68,FCPR-D1_CIR.csv,7.338709677334808,0.13626373626352234,552.916,55.02,55.02,4057.6900000000005,75.3424,7.981227975693966,2.946183972531247,4.169761201506855,2.2700619012884857,1.8907999623032261,2.382141802457978,63.068999999999996,0.7815324464308061,0.8073881037198049,8.649650000000001,0.5737318350875825,0.05289927826660615,False,False,True,False,False,False,False,False,False,False,False,False,False,False,False,False,False,False,False,False
153,1674.17,63.2,8.38,FCPR-D1_CIR.csv,7.541766109695205,0.13259493670865097,529.6160000000001,54.82,54.82,3994.2400000000002,70.22440000000002,7.9498427657407165,2.894822965226026,4.162003210695915,2.238579763018133,1.8813695581487633,2.3117388724745376,63.068999999999996,0.7815324464308061,0.16761940029682904,8.649650000000001,0.5737318350875825,-0.4699930933967398,False,False,False,False,False,False,False,False,False,True,False,False,False,False,False,False,False,False,False,False
154,1792.61,63.9,9.04,FCPR-D1_CIR.csv,7.068584070718268,0.14147104851308062,577.656,54.86,54.86,4083.21,81.72159999999998,7.993747556684537,3.0066592756745814,4.1728476237100445,2.306577114263583,1.894585346350085,2.4694612266884897,63.068999999999996,0.7815324464308061,1.0632955850889898,8.649650000000001,0.5737318350875825,0.6803701242626224,False,False,False,False,False,False,False,False,False,False,False,False,False,True,False,False,False,False,False,False
155,1441.33,63.8,9.11,FCPR-D1_CIR.csv,7.0032930844456285,0.14278996865181381,581.218,54.69,54.69,4070.4399999999996,82.9921,7.987490219086343,3.018277654557314,4.1713056033582285,2.3135250330323798,1.8926917079807226,2.486808098493625,63.068999999999996,0.7815324464308061,0.9353418444043927,8.649650000000001,0.5737318350875825,0.8023783443174042,False,False,False,False,False,False,False,False,False,False,False,False,False,False,False,True,False,False,False,False
156,1027.24,62.2,8.3,FCPR-D1_CIR.csv,7.493975903524169,0.13344051446923885,516.2600000000001,53.900000000000006,53.900000000000006,3868.84,68.89000000000001,7.886697661252142,2.8809720581775866,4.146304301152812,2.2300144001592104,1.862649618265929,2.293318740264183,63.068999999999996,0.7815324464308061,-1.1119180065491225,8.649650000000001,0.5737318350875825,-0.6094310591736326,False,False,False,False,False,False,False,False,False,False,False,False,False,False,False,False,False,True,False,False
157,1222.4,62.8,8.77,FCPR-D1_CIR.csv,7.160775370499877,0.13964968152844004,550.756,54.03,54.03,3943.8399999999997,76.9129,7.92464510246358,2.9614185789921694,4.155753190350744,2.2793164660546914,1.8738591108247435,2.40367784550572,63.068999999999996,0.7815324464308061,-0.34419556244155886,8.649650000000001,0.5737318350875825,0.20976698976561023,False,False,False,False,False,False,True,False,False,False,False,False,False,False,False,False,False,False,False,False
158,787.82,63.5,9.4,FCPR-D1_CIR.csv,6.755319148864305,0.148031496062759,596.9,54.1,54.1,4032.25,88.36000000000001,7.968688725254614,3.0659419433511785,4.1666652238017265,2.341805806147327,1.8870221414587378,2.5599814183292717,63.068999999999996,0.7815324464308061,0.5514806223506109,8.649650000000001,0.5737318350875825,1.307840970258642,False,False,False,True,False,False,False,False,False,False,False,False,False,False,False,False,False,False,False,False
159,1044.67,64.1,9.65,FCPR-D1_CIR.csv,6.642487046563289,0.15054602184063878,618.5649999999999,54.449999999999996,54.449999999999996,4108.8099999999995,93.1225,8.006247560499238,3.1064449134018135,4.175924549214524,2.365559892155434,1.898378308740855,2.6247876564745756,63.068999999999996,0.7815324464308061,1.3192030664581746,8.649650000000001,0.5737318350875825,1.7435846133114317,False,False,False,False,False,False,False,False,False,False,False,False,False,False,False,True,False,False,False,False
160,2509.0,62.3,7.82,FCPR-D1_CIR.csv,7.966751918056691,0.1255216693416926,487.186,54.48,54.48,3881.2899999999995,61.15240000000001,7.893034904268446,2.7964262908219126,4.147885329150131,2.1770218700187,1.8645131995195232,2.185839575883813,63.068999999999996,0.7815324464308061,-0.9839642658645347,8.649650000000001,0.5737318350875825,-1.4460588538349899,False,False,False,False,False,False,False,False,False,False,False,False,False,False,False,False,False,False,False,True
161,2538.38,63.6,9.0,FCPR-D1_CIR.csv,7.066666666588148,0.14150943396204163,572.4,54.6,54.6,4044.96,81.0,7.974960814950754,3.0,4.168214410788556,2.302585092994046,1.8889101074258496,2.45960311115695,63.068999999999996,0.7815324464308061,0.6794343630352079,8.649650000000001,0.5737318350875825,0.6106511413741776,True,False,False,False,False,False,False,False,False,False,False,False,False,False,False,False,False,False,False,False
162,2336.12,63.0,8.38,FCPR-D1_CIR.csv,7.517899761246802,0.1330158730156619,527.94,54.62,54.62,3969.0,70.22440000000002,7.937253933193772,2.894822965226026,4.1588830833596715,2.238579763018133,1.8776105792643432,2.3117388724745376,63.068999999999996,0.7815324464308061,-0.08828808107236491,8.649650000000001,0.5737318350875825,-0.4699930933967398,False,False,False,False,False,False,False,False,False,True,False,False,False,False,False,False,False,False,False,False
163,2124.69,64.1,9.15,FCPR-D1_CIR.csv,7.0054644807977535,0.14274570982817045,586.515,54.949999999999996,54.949999999999996,4108.8099999999995,83.72250000000001,8.006247560499238,3.024896692450835,4.175924549214524,2.3174737054877963,1.898378308740855,2.496775251904888,63.068999999999996,0.7815324464308061,1.3192030664581746,8.649650000000001,0.5737318350875825,0.8720973272058521,False,False,False,False,False,False,False,False,False,False,False,False,False,False,False,True,False,False,False,False
164,2061.8,63.5,8.36,FCPR-D1_CIR.csv,7.595693779813449,0.13165354330687928,530.86,55.14,55.14,4032.25,69.88959999999999,7.968688725254614,2.891366458960192,4.1666652238017265,2.2364452904895007,1.8870221414587378,2.3071200151265554,63.068999999999996,0.7815324464308061,0.5514806223506109,8.649650000000001,0.5737318350875825,-0.5048525848409653,False,True,False,False,False,False,False,False,False,False,False,False,False,False,False,False,False,False,False,False
165,1930.0,62.4,7.7,FCPR-D1_CIR.csv,8.103896103790857,0.12339743589723814,480.48,54.699999999999996,54.699999999999996,3893.7599999999998,59.290000000000006,7.899367063252599,2.7748873851023217,4.14946386144318,2.163323025660538,1.8663786452864723,2.159766253784915,63.068999999999996,0.7815324464308061,-0.8560105251799377,8.649650000000001,0.5737318350875825,-1.6552158025003292,False,False,False,False,False,False,False,False,False,False,False,False,False,False,False,False,False,False,False,True
166,2185.43,63.7,9.18,FCPR-D1_CIR.csv,6.938997821275175,0.1441130298270893,584.766,54.52,54.52,4057.6900000000005,84.27239999999999,7.981227975693966,3.0298514815086235,4.169761201506855,2.3204250111223765,1.8907999623032261,2.5042768243931564,63.068999999999996,0.7815324464308061,0.8073881037198049,8.649650000000001,0.5737318350875825,0.9243865643721858,False,False,False,True,False,False,False,False,False,False,False,False,False,False,False,False,False,False,False,False
167,2390.31,62.7,8.34,FCPR-D1_CIR.csv,7.517985611420648,0.13301435406677348,522.918,54.36,54.36,3931.2900000000004,69.5556,7.918333157931662,2.8879058156387303,4.154184562578117,2.234306252240751,1.8719861883312423,2.30251038626171,63.068999999999996,0.7815324464308061,-0.4721493031261468,8.649650000000001,0.5737318350875825,-0.5397120762851878,False,False,False,False,False,True,False,False,False,False,False,False,False,False,False,False,False,False,False,False
168,1806.34,64.3,9.68,FCPR-D1_CIR.csv,6.6425619834024525,0.15054432348343616,622.424,54.62,54.62,4134.49,93.7024,8.018728078691781,3.111269837220809,4.178992036282385,2.3683728335320486,1.9021788646473916,2.6326738428088614,63.068999999999996,0.7815324464308061,1.5751105478273686,8.649650000000001,0.5737318350875825,1.7958738504777654,False,False,False,False,False,False,False,False,False,False,False,False,False,False,False,True,False,False,False,False
169,1999.08,66.2,10.61,FCPR-D1_CIR.csv,6.23939679541716,0.16027190332302071,702.382,55.59,55.59,4382.4400000000005,112.57209999999999,8.136338242723197,3.257299494980466,4.207673247529104,2.4518667957098,1.938665791236518,2.889258803923903,63.068999999999996,0.7815324464308061,4.006231620834684,8.649650000000001,0.5737318350875825,3.416840202634143,False,False,False,False,False,False,False,False,False,False,False,False,False,False,False,True,False,False,False,False
170,1335.49,61.3,7.54,FCPR-D1_CIR.csv,8.129973474693236,0.12300163132116966,462.202,53.76,53.76,3757.6899999999996,56.8516,7.829431652425353,2.745906043549196,4.131961425793407,2.1447610078004784,1.8459609832074333,2.1254849752831912,63.068999999999996,0.7815324464308061,-2.263501672710486,8.649650000000001,0.5737318350875825,-1.9340917340541148,False,False,False,False,False,False,False,False,False,False,False,False,False,False,False,False,False,False,False,True
171,1556.19,62.9,8.41,FCPR-D1_CIR.csv,7.4791914386744445,0.13370429252760938,528.989,54.489999999999995,54.489999999999995,3956.41,70.7281,7.930952023559341,2.9,4.157319361383489,2.2417729535972883,1.8757339071775117,2.318684502327519,63.068999999999996,0.7815324464308061,-0.2162418217569619,8.649650000000001,0.5737318350875825,-0.4177038562304061,False,False,False,False,False,False,False,False,False,True,False,False,False,False,False,False,False,False,False,False
172,1167.6,62.1,8.61,FCPR-D1_CIR.csv,7.2125435539232,0.1386473429949458,534.6809999999999,53.49,53.49,3856.4100000000003,74.1321,7.880355321938218,2.9342801502242417,4.144720769547168,2.262804222982201,1.8607878996621081,2.365525036373806,63.068999999999996,0.7815324464308061,-1.2398717472337195,8.649650000000001,0.5737318350875825,-0.0691089417881755,False,False,False,False,False,False,False,False,False,False,False,False,False,False,False,False,False,False,True,False
173,1243.23,63.5,8.83,FCPR-D1_CIR.csv,7.191392978401003,0.13905511811001722,560.705,54.67,54.67,4032.25,77.9689,7.968688725254614,2.971531591620725,4.1666652238017265,2.285438934159075,1.8870221414587378,2.418143265442331,63.068999999999996,0.7815324464308061,0.5514806223506109,8.649650000000001,0.5737318350875825,0.3143454640982807,True,False,False,False,False,False,False,False,False,False,False,False,False,False,False,False,False,False,False,False
174,1479.59,63.0,8.79,FCPR-D1_CIR.csv,7.167235494799009,0.13952380952358803,553.77,54.21,54.21,3969.0,77.26409999999998,7.937253933193772,2.9647934160747185,4.1588830833596715,2.281361456542419,1.8776105792643432,2.4084900117589294,63.068999999999996,0.7815324464308061,-0.08828808107236491,8.649650000000001,0.5737318350875825,0.24462648120983269,False,False,False,False,False,False,False,False,True,False,False,False,False,False,False,False,False,False,False,False
175,1875.7,63.0,8.32,FCPR-D1_CIR.csv,7.572115384524373,0.13206349206328244,524.16,54.68,54.68,3969.0,69.22240000000001,7.937253933193772,2.8844410203711917,4.1588830833596715,2.2321626286975,1.8776105792643432,2.2979099674414796,63.068999999999996,0.7815324464308061,-0.08828808107236491,8.649650000000001,0.5737318350875825,-0.5745715677294102,False,False,False,False,False,False,False,False,False,True,False,False,False,False,False,False,False,False,False,False
176,2312.47,61.8,7.63,FCPR-D1_CIR.csv,8.09960681509699,0.12346278317132126,471.534,54.169999999999995,54.169999999999995,3819.24,58.216899999999995,7.861297602813418,2.7622454633866265,4.139955073474153,2.1552445050953364,1.855213901141401,2.1447006810307654,63.068999999999996,0.7815324464308061,-1.6237329692875104,8.649650000000001,0.5737318350875825,-1.7772240225551108,False,False,False,False,False,False,False,False,False,False,False,False,False,False,False,False,False,False,False,True
177,1963.72,62.9,8.4,FCPR-D1_CIR.csv,7.4880952380060934,0.13354531001568595,528.36,54.5,54.5,3956.41,70.56,7.930952023559341,2.898275349237888,4.157319361383489,2.2407096892759584,1.8757339071775117,2.316366976781092,63.068999999999996,0.7815324464308061,-0.2162418217569619,8.649650000000001,0.5737318350875825,-0.4351336019525173,False,False,False,False,False,False,False,False,False,True,False,False,False,False,False,False,False,False,False,False
178,2419.59,63.3,8.84,FCPR-D1_CIR.csv,7.1606334840818935,0.13965244865696738,559.572,54.459999999999994,54.459999999999994,4006.8899999999994,78.1456,7.956129712366434,2.973213749463701,4.163559631243574,2.286455711064162,1.8832518687053312,2.4205626181825304,63.068999999999996,0.7815324464308061,0.29557314098141696,8.649650000000001,0.5737318350875825,0.3317752098203919,False,False,False,False,False,False,False,False,True,False,False,False,False,False,False,False,False,False,False,False
179,1913.78,63.0,8.22,FCPR-D1_CIR.csv,7.664233576549096,0.13047619047598338,517.86,54.78,54.78,3969.0,67.56840000000001,7.937253933193772,2.86705423736629,4.1588830833596715,2.2213750375685026,1.8776105792643432,2.275045381235993,63.068999999999996,0.7815324464308061,-0.08828808107236491,8.649650000000001,0.5737318350875825,-0.7488690249505255,False,False,False,False,False,False,False,False,False,True,False,False,False,False,False,False,False,False,False,False
180,2088.43,64.9,9.52,FCPR-D1_CIR.csv,6.817226890684694,0.1466872110937647,617.8480000000001,55.38000000000001,55.38000000000001,4212.010000000001,90.6304,8.056053624449133,3.0854497241083023,4.188138441508461,2.3532782073095637,1.9136262456361197,2.590886253503134,63.068999999999996,0.7815324464308061,2.3428329919349506,8.649650000000001,0.5737318350875825,1.5169979189239797,False,False,False,False,False,False,False,False,False,False,False,False,False,False,False,True,False,False,False,False
181,1902.4,62.8,8.13,FCPR-D1_CIR.csv,7.724477244677435,0.1294585987259085,510.564,54.669999999999995,54.669999999999995,3943.8399999999997,66.09690000000002,7.92464510246358,2.8513154858766505,4.155753190350744,2.211565694606877,1.8738591108247435,2.254661836345618,63.068999999999996,0.7815324464308061,-0.34419556244155886,8.649650000000001,0.5737318350875825,-0.9057367364495296,False,False,False,False,False,False,False,True,False,False,False,False,False,False,False,False,False,False,False,False
182,1565.77,63.4,8.69,FCPR-D1_CIR.csv,7.295742232367138,0.13706624605656614,550.9459999999999,54.71,54.71,4019.56,75.5161,7.962411694957753,2.947880594596735,4.165113633110308,2.2710944259026746,1.8851360625139246,2.38452513572846,63.068999999999996,0.7815324464308061,0.42352688166601393,8.649650000000001,0.5737318350875825,0.07032902398871736,False,False,True,False,False,False,False,False,False,False,False,False,False,False,False,False,False,False,False,False
183,1654.14,63.3,8.46,FCPR-D1_CIR.csv,7.482269503457656,0.13364928909931495,535.518,54.839999999999996,54.839999999999996,4006.8899999999994,71.57160000000002,7.956129712366434,2.9086079144497976,4.163559631243574,2.247072383063787,1.8832518687053312,2.330306956761806,63.068999999999996,0.7815324464308061,0.29557314098141696,8.649650000000001,0.5737318350875825,-0.3305551276198469,False,False,False,False,False,False,False,False,False,False,True,False,False,False,False,False,False,False,False,False
184,1474.09,62.7,8.47,FCPR-D1_CIR.csv,7.402597402510004,0.13508771929803015,531.0690000000001,54.230000000000004,54.230000000000004,3931.2900000000004,71.74090000000001,7.918333157931662,2.91032644217105,4.154184562578117,2.248128907197987,1.8719861883312423,2.332638429260528,63.068999999999996,0.7815324464308061,-0.4721493031261468,8.649650000000001,0.5737318350875825,-0.3131253818977357,False,False,False,False,False,False,True,False,False,False,False,False,False,False,False,False,False,False,False,False
185,1802.19,62.9,8.17,FCPR-D1_CIR.csv,7.698898408718495,0.1298887122414469,513.893,54.73,54.73,3956.41,66.74889999999999,7.930952023559341,2.8583211855912904,4.157319361383489,2.2159372862683733,1.8757339071775117,2.263698545059486,63.068999999999996,0.7815324464308061,-0.2162418217569619,8.649650000000001,0.5737318350875825,-0.8360177535610848,False,False,False,False,False,False,False,False,False,False,False,False,True,False,False,False,False,False,False,False
186,2136.61,63.4,8.76,FCPR-D1_CIR.csv,7.23744292229181,0.13817034700293662,555.384,54.64,54.64,4019.56,76.7376,7.962411694957753,2.9597297173897483,4.165113633110308,2.278292400425001,1.8851360625139246,2.4012753690986246,63.068999999999996,0.7815324464308061,0.42352688166601393,8.649650000000001,0.5737318350875825,0.192337244043499,False,False,True,False,False,False,False,False,False,False,False,False,False,False,False,False,False,False,False,False
187,1648.98,62.6,8.03,FCPR-D1_CIR.csv,7.7957658778605765,0.12827476038318164,502.678,54.57,54.57,3918.76,64.48089999999999,7.912016177940993,2.8337254630609507,4.152613470346076,2.200552367428894,1.8701151378240854,2.232227576234573,63.068999999999996,0.7815324464308061,-0.6001030438107438,8.649650000000001,0.5737318350875825,-1.080034193670648,False,False,False,False,False,False,False,True,False,False,False,False,False,False,False,False,False,False,False,False
188,1992.98,62.7,8.29,FCPR-D1_CIR.csv,7.563329312333375,0.13221690590090554,519.783,54.410000000000004,54.410000000000004,3931.2900000000004,68.72409999999999,7.918333157931662,2.8792360097775935,4.154184562578117,2.2289385528257473,1.8719861883312423,2.2910265678011643,63.068999999999996,0.7815324464308061,-0.4721493031261468,8.649650000000001,0.5737318350875825,-0.6268608048957469,False,False,False,False,False,True,False,False,False,False,False,False,False,False,False,False,False,False,False,False
189,2412.37,62.1,7.82,FCPR-D1_CIR.csv,7.941176470486686,0.12592592592572313,485.622,54.28,54.28,3856.4100000000003,61.15240000000001,7.880355321938218,2.7964262908219126,4.144720769547168,2.1770218700187,1.8607878996621081,2.185839575883813,63.068999999999996,0.7815324464308061,-1.2398717472337195,8.649650000000001,0.5737318350875825,-1.4460588538349899,False,False,False,False,False,False,False,False,False,False,False,False,False,False,False,False,False,False,False,True
190,1851.13,64.8,9.86,FCPR-D1_CIR.csv,6.57200811352361,0.15216049382692567,638.9279999999999,54.94,54.94,4199.04,97.21959999999999,8.049844718999243,3.1400636936215163,4.186619838331271,2.3850863145057892,1.9117135758847483,2.6804910356578264,63.068999999999996,0.7815324464308061,2.2148792512503443,8.649650000000001,0.5737318350875825,2.1096092734757734,False,False,False,False,False,False,False,False,False,False,False,False,False,False,False,True,False,False,False,False
191,1615.75,62.6,8.0,FCPR-D1_CIR.csv,7.824999999902188,0.12779552715634537,500.8,54.6,54.6,3918.76,64.0,7.912016177940993,2.8284271247461903,4.152613470346076,2.1972245773362196,1.8701151378240854,2.225540928492468,63.068999999999996,0.7815324464308061,-0.6001030438107438,8.649650000000001,0.5737318350875825,-1.1323234308369816,False,False,False,False,False,False,False,True,False,False,False,False,False,False,False,False,False,False,False,False
192,1370.43,63.0,8.69,FCPR-D1_CIR.csv,7.2497123129200265,0.13793650793628898,547.4699999999999,54.31,54.31,3969.0,75.5161,7.937253933193772,2.947880594596735,4.1588830833596715,2.2710944259026746,1.8776105792643432,2.38452513572846,63.068999999999996,0.7815324464308061,-0.08828808107236491,8.649650000000001,0.5737318350875825,0.07032902398871736,False,False,False,False,False,False,False,False,False,False,True,False,False,False,False,False,False,False,False,False
193,1887.33,63.3,8.44,FCPR-D1_CIR.csv,7.499999999911138,0.1333333333331227,534.252,54.86,54.86,4006.8899999999994,71.2336,7.956129712366434,2.90516780926679,4.163559631243574,2.244955980157409,1.8832518687053312,2.3256510003566726,63.068999999999996,0.7815324464308061,0.29557314098141696,8.649650000000001,0.5737318350875825,-0.36541461906407247,False,False,False,False,False,False,False,False,False,True,False,False,False,False,False,False,False,False,False,False
194,2183.71,63.4,8.67,FCPR-D1_CIR.csv,7.3125720875742495,0.13675078864331744,549.678,54.73,54.73,4019.56,75.1689,7.962411694957753,2.9444863728670914,4.165113633110308,2.269028309465203,1.8851360625139246,2.3797608513294968,63.068999999999996,0.7815324464308061,0.42352688166601393,8.649650000000001,0.5737318350875825,0.035469532544494926,False,False,True,False,False,False,False,False,False,False,False,False,False,False,False,False,False,False,False,False
195,2415.35,63.2,8.96,FCPR-D1_CIR.csv,7.053571428492705,0.14177215189850986,566.272,54.24,54.24,3994.2400000000002,80.28160000000001,7.9498427657407165,2.9933259094191533,4.162003210695915,2.298577071596507,1.8813695581487633,2.44978434932766,63.068999999999996,0.7815324464308061,0.16761940029682904,8.649650000000001,0.5737318350875825,0.5409321584857327,False,False,False,False,False,False,False,False,True,False,False,False,False,False,False,False,False,False,False,False
196,2357.14,62.7,8.33,FCPR-D1_CIR.csv,7.527010804231368,0.1328548644335999,522.291,54.370000000000005,54.370000000000005,3931.2900000000004,69.3889,7.918333157931662,2.8861739379323623,4.154184562578117,2.2332350148592526,1.8719861883312423,2.3002090267469857,63.068999999999996,0.7815324464308061,-0.4721493031261468,8.649650000000001,0.5737318350875825,-0.557141822007299,False,False,False,False,False,True,False,False,False,False,False,False,False,False,False,False,False,False,False,False
197,2717.35,61.4,7.29,FCPR-D1_CIR.csv,8.422496570529184,0.1187296416936177,447.606,54.11,54.11,3769.96,53.1441,7.835815209663893,2.7,4.133565275375382,2.1150499691472033,1.8478078674788694,2.073006564260992,63.068999999999996,0.7815324464308061,-2.135547932025889,8.649650000000001,0.5737318350875825,-2.3698353771069045,False,False,False,False,False,False,False,False,False,False,False,False,False,False,False,False,False,False,False,True
198,2518.49,62.4,8.21,FCPR-D1_CIR.csv,7.600487210626059,0.131570512820302,512.3040000000001,54.19,54.19,3893.7599999999998,67.40410000000001,7.899367063252599,2.8653097563788807,4.14946386144318,2.2202898502672155,1.8663786452864723,2.2727714729983686,63.068999999999996,0.7815324464308061,-0.8560105251799377,8.649650000000001,0.5737318350875825,-0.7662987706726367,False,False,False,False,False,False,False,False,False,False,False,False,False,False,False,False,False,True,False,False
199,2858.98,61.8,7.71,FCPR-D1_CIR.csv,8.015564202230667,0.12475728155319618,476.47799999999995,54.089999999999996,54.089999999999996,3819.24,59.4441,7.861297602813418,2.7766886753829643,4.139955073474153,2.1644717908644115,1.855213901141401,2.161927100281878,63.068999999999996,0.7815324464308061,-1.6237329692875104,8.649650000000001,0.5737318350875825,-1.6377860567782179,False,False,False,False,False,False,False,False,False,False,False,False,False,False,False,False,False,False,False,True
